feature_4,feature_7,feature_9,feature_10,feature_11,feature_13,feature_16,feature_19,feature_20,feature_21,feature_22,feature_23,feature_55,feature_66,target
1.0,0.0,1.0,0.0,0.0,0.0,0.0,0.0,0.0,0.0,0.0,0.0,0.0,0.8310368310368311,0
0.0,0.0,1.0,0.0,0.0,1.0,1.0,0.2,0.3,0.9,0.3,1.0,0.997105,0.08363908363908365,0
1.0,0.5714285714285714,1.0,1.0,1.0,0.0,0.24,1.0,0.25,0.75,0.0,0.25,0.0,0.8762898762898763,0
1.0,0.0,1.0,0.0,0.0,0.0,1.0,0.666667,0.666667,1.0,0.5,0.0,0.0,0.6820836820836821,0
0.0,0.42857142857142855,1.0,1.0,1.0,0.0,0.0714289999999999,0.0,0.5,0.5,0.5,1.0,0.453959,0.261124261124261,0
1.0,0.0,1.0,0.0,0.0,0.0,1.0,1.0,0.75,0.75,0.0,0.0,0.0,0.9423349423349423,0
0.0,0.8571428571428571,1.0,0.0,0.0,0.0,0.0,1.0,0.0,1.0,0.0,0.0,0.0,0.2774062774062774,0
1.0,0.0,1.0,0.0,0.0,0.0,0.0,0.0,0.0,0.0,0.0,0.0,0.0,0.0,0
1.0,0.42857142857142855,1.0,0.0,1.0,0.0,1.0,0.0,0.8,1.0,0.2,0.0,0.0,0.0,0
0.0,0.0,1.0,0.0,1.0,0.0,1.0,1.0,0.5,0.0,0.25,0.0,0.301625,0.14638514638514638,0
1.0,0.0,1.0,0.0,0.0,0.0,0.0,0.0,0.0,0.0,0.0,0.0,0.0,0.0,0
1.0,0.0,1.0,1.0,0.0,1.0,1.0,0.625,1.0,0.375,0.375,0.25,0.8723059999999999,0.07973007973007973,0
0.0,0.5714285714285714,1.0,1.0,1.0,0.0,1.0,1.0,0.333333,0.166667,0.333333,0.166667,0.793756,0.0,0
0.0,0.8571428571428571,1.0,0.0,0.0,1.0,1.0,0.0,0.0,1.0,0.0,1.0,0.606754,0.013673013673013672,0
0.0,0.14285714285714285,1.0,0.0,0.0,1.0,1.0,0.333333,0.333333,0.333333,1.0,0.0,0.675573,0.4772264772264772,0
0.0,0.8571428571428571,1.0,1.0,0.0,0.0,0.0,0.0,0.0,0.1428569999999999,0.0,1.0,0.679687,0.933981933981934,0
1.0,0.0,1.0,0.0,0.0,0.0,0.0,0.0,0.0,0.0,0.0,0.0,0.779357,0.2218002218002218,0
1.0,0.0,0.0,0.0,1.0,0.0,1.0,0.5,1.0,0.5,0.0,0.125,0.0,0.02974102974102974,0
0.0,0.0,1.0,1.0,1.0,0.0,0.0,0.0,0.0,1.0,0.0,0.0,0.720696,0.8384398384398384,0
1.0,0.7142857142857142,0.0,0.0,0.0,0.0,1.0,0.333333,0.333333,1.0,0.5,0.0,0.697325,0.7176087176087176,0
0.0,0.0,1.0,0.0,0.0,0.0,1.0,0.0,0.0,0.0,0.0,0.0,0.8454079999999999,0.979026979026979,0
1.0,0.0,1.0,0.0,0.0,0.0,1.0,0.0,0.0,0.0,1.0,0.0,0.579526,0.2905102905102905,0
1.0,0.8571428571428571,1.0,0.0,1.0,0.0,0.0,0.0,0.0,0.0,1.0,1.0,0.0,0.2641992641992641,0
0.0,0.0,1.0,1.0,1.0,1.0,1.0,0.4,0.4,0.4,0.4,1.0,0.0,0.552937552937553,0
1.0,0.0,1.0,1.0,1.0,0.0,1.0,0.0,1.0,1.0,0.333333,0.666667,0.0,0.028771028771028672,0
1.0,0.0,1.0,0.0,0.0,0.0,0.2,0.0,1.0,0.333333,0.0,0.666667,0.4321779999999999,0.0,0
0.0,0.0,1.0,0.0,0.0,0.0,0.0,0.0,0.0,1.0,0.0,0.0,0.545524,0.0047400047400047406,0
0.0,0.0,1.0,1.0,0.0,0.0,1.0,0.0,0.0,0.0,1.0,0.0,0.698656,0.003624003624003624,0
1.0,0.0,1.0,0.0,0.0,0.0,0.0,0.0,0.0,0.0,0.0,0.0,0.887238,0.010581010581010582,0
1.0,0.0,1.0,0.0,0.0,0.0,1.0,0.0,1.0,0.0,0.0,0.0,0.4057489999999999,0.025004025004025,0
1.0,0.0,1.0,0.0,0.0,0.0,1.0,0.461538,1.0,0.461538,0.0,0.0,0.760163,0.5841915841915842,0
1.0,0.0,0.0,1.0,1.0,0.0,0.0,0.666667,1.0,0.333333,0.666667,0.0,0.0,0.06602606602606603,0
1.0,0.7142857142857142,1.0,1.0,0.0,1.0,1.0,0.166667,1.0,0.5,0.0,0.166667,0.683619,0.0,0
0.0,0.42857142857142855,1.0,0.0,0.0,0.0,0.0714289999999999,0.0,0.5,0.5,0.5,1.0,0.324892,0.8327588327588328,0
0.0,0.0,1.0,0.0,0.0,0.0,1.0,1.0,0.75,0.25,0.0,0.0,0.818462,0.621050621050621,0
1.0,0.0,1.0,1.0,1.0,1.0,0.0,1.0,0.0,0.0,0.0,0.0,0.0,0.04863904863904864,0
1.0,0.42857142857142855,0.0,0.0,1.0,1.0,1.0,1.0,0.25,0.25,0.0,0.125,0.0,0.0,0
0.0,0.0,1.0,1.0,1.0,0.0,1.0,0.0,0.0,0.0,1.0,0.0,0.696127,0.005138005138005138,0
1.0,0.0,1.0,0.0,0.0,1.0,1.0,0.0,0.75,0.25,0.5,1.0,0.0,0.616065616065616,0
1.0,0.0,1.0,1.0,1.0,1.0,1.0,0.0,1.0,0.333333,0.0,0.0,0.8188489999999999,0.009918009918009918,0
0.0,0.8571428571428571,1.0,1.0,0.0,0.0,0.051282,0.0,0.1111109999999999,0.666667,1.0,0.8888889999999999,0.778906,0.007938007938007838,0
0.0,0.0,0.0,0.0,0.0,0.0,0.0,0.0,0.0,0.0,1.0,0.0,0.0,0.0,0
1.0,0.0,1.0,0.0,0.0,0.0,0.0,0.0,0.0,0.0,0.0,0.0,0.8251620000000001,0.02461302461302461,0
1.0,0.0,1.0,0.0,0.0,0.0,1.0,1.0,0.5625,0.3125,0.1875,0.0,0.707861,0.9102479102479103,0
1.0,0.0,1.0,0.0,1.0,0.0,1.0,1.0,0.0,0.0,0.5,0.0,0.8532129999999999,0.0,0
1.0,0.2857142857142857,1.0,0.0,0.0,1.0,1.0,1.0,0.1428569999999999,0.1428569999999999,0.1428569999999999,0.1428569999999999,0.737375,0.0994980994980995,0
0.0,0.0,1.0,0.0,0.0,0.0,0.5,0.0,0.0,0.0,0.0,0.0,0.0,0.9297639297639297,0
0.0,0.5714285714285714,1.0,1.0,0.0,0.0,0.8870969999999999,0.4,0.0666669999999999,1.0,0.1333329999999999,0.2,0.0,0.26455426455426456,0
0.0,0.42857142857142855,1.0,1.0,1.0,0.0,1.0,0.666667,1.0,1.0,0.333333,0.0,0.6019720000000001,0.0017080017080016079,0
1.0,0.0,1.0,0.0,1.0,0.0,0.210526,0.0,0.0,0.0,0.0,0.0,0.0,0.011596011596011495,0
0.0,0.0,1.0,0.0,1.0,0.0,0.0,0.333333,0.0,0.0,1.0,0.333333,0.0,0.0,0
1.0,0.0,1.0,0.0,1.0,0.0,1.0,0.0,0.2857139999999999,0.2857139999999999,1.0,0.2857139999999999,0.639135,0.0,0
1.0,0.0,0.0,1.0,1.0,0.0,1.0,0.0,0.0,0.0,1.0,0.5,0.7833640000000001,0.16955316955316957,0
1.0,1.0,1.0,1.0,0.0,0.0,1.0,0.0,0.0,0.0,1.0,0.0,0.846018,0.008200008200008201,0
1.0,0.0,1.0,0.0,0.0,1.0,0.428571,0.0,1.0,0.5,1.0,1.0,0.0,0.0,0
1.0,0.0,0.0,0.0,1.0,0.0,1.0,0.0,0.0,0.0,0.0,0.0,0.0,0.0,0
0.0,1.0,1.0,1.0,1.0,0.0,0.173267,0.125,0.125,0.0,0.125,1.0,0.4460659999999999,0.001106001106001106,0
1.0,0.0,0.0,1.0,0.0,0.0,0.0,1.0,0.5,0.166667,0.0,0.0,0.0,0.005715005715005715,0
1.0,0.0,1.0,0.0,1.0,0.0,0.2,0.2,0.4,1.0,0.0,0.0,0.0,0.0,0
1.0,0.0,1.0,1.0,1.0,0.0,1.0,0.0,0.0,0.0,0.0,0.0,0.0,0.40914540914540914,0
0.0,0.0,1.0,0.0,0.0,1.0,0.0,0.25,0.0,0.25,1.0,0.5,0.65482,0.3879023879023879,0
1.0,0.0,1.0,1.0,0.0,0.0,1.0,1.0,1.0,0.5,0.5,0.0,0.671603,0.24285224285224274,0
1.0,0.42857142857142855,1.0,0.0,1.0,1.0,1.0,1.0,1.0,0.2,0.4,0.0,0.69081,0.6124156124156124,0
1.0,0.0,1.0,0.0,0.0,0.0,0.0,1.0,1.0,0.5,0.5,0.0,0.966526,0.031012031012031014,0
1.0,0.8571428571428571,1.0,0.0,0.0,0.0,1.0,0.666667,0.333333,0.0,1.0,0.333333,0.0,0.06377206377206376,0
1.0,0.0,0.0,0.0,0.0,1.0,1.0,0.0,0.4,0.6,1.0,0.0,0.636299,0.002396002396002396,0
1.0,0.2857142857142857,1.0,0.0,0.0,1.0,1.0,1.0,0.166667,0.166667,0.333333,0.0,0.615823,0.9452889452889454,0
1.0,0.8571428571428571,1.0,0.0,0.0,0.0,1.0,1.0,0.166667,0.166667,0.333333,0.333333,0.947914,0.013625013625013624,0
1.0,0.0,1.0,0.0,0.0,0.0,1.0,1.0,1.0,0.25,0.0,0.0,0.0,0.0055650055650055645,0
1.0,0.0,1.0,0.0,0.0,0.0,0.0,0.0,0.0,0.0,0.0,0.0,0.417786,0.00038500038500038496,0
1.0,0.0,1.0,0.0,0.0,0.0,0.0,0.0,0.0,0.0,0.0,0.0,0.591256,0.08214308214308214,0
1.0,0.0,0.0,0.0,0.0,0.0,1.0,1.0,0.0,1.0,0.0,0.0,0.0,0.4389044389044389,0
1.0,0.0,1.0,0.0,0.0,0.0,1.0,1.0,1.0,0.0,0.0,1.0,0.600118,0.27707027707027704,0
1.0,0.0,0.0,0.0,0.0,0.0,0.0,0.0,0.0,0.0,0.0,0.0,0.0,0.0,0
1.0,0.2857142857142857,1.0,0.0,0.0,1.0,1.0,1.0,0.8,0.0,0.2,0.0,0.631151,0.5833335833335833,0
0.0,0.7142857142857142,0.0,0.0,1.0,0.0,1.0,0.5,0.666667,0.333333,1.0,0.833333,0.0,0.0,0
0.0,0.0,1.0,0.0,0.0,1.0,0.0,0.0,0.0,0.0,0.0,0.0,0.0,0.2893662893662894,0
1.0,0.42857142857142855,1.0,0.0,0.0,0.0,1.0,0.0,1.0,0.1428569999999999,0.857143,0.1428569999999999,0.0,0.06639106639106629,0
1.0,0.0,0.0,1.0,0.0,1.0,1.0,0.4444439999999999,0.1111109999999999,0.333333,1.0,0.0,0.0,0.5842035842035842,0
0.0,0.5714285714285714,1.0,1.0,1.0,0.0,0.05,0.2,1.0,0.8,0.0,0.6,0.0,0.0,0
1.0,0.0,1.0,0.0,0.0,0.0,0.0,0.0,0.0,0.0,0.0,0.0,0.0,0.7385797385797386,0
0.0,0.0,0.0,0.0,1.0,0.0,0.0,0.0,0.0,1.0,0.4,0.8,0.0,0.0,0
0.0,0.0,1.0,0.0,0.0,0.0,0.0,0.0,0.0,0.0,0.0,0.0,0.987112,0.17144817144817143,0
1.0,0.0,1.0,0.0,0.0,0.0,1.0,0.181818,1.0,0.727273,0.090909,0.0,0.370536,0.0323010323010322,0
1.0,0.0,1.0,0.0,0.0,0.0,1.0,1.0,0.0,1.0,0.0,0.0,0.680265,0.8066328066328067,0
0.0,0.42857142857142855,1.0,1.0,0.0,0.0,1.0,0.3,1.0,0.0,0.0,0.0,0.979511,0.1255831255831256,0
1.0,0.5714285714285714,1.0,0.0,0.0,0.0,0.0,0.0,1.0,0.0,0.0,0.0,0.6271979999999999,0.0,0
1.0,0.0,1.0,0.0,0.0,0.0,1.0,0.5,0.5,1.0,0.5,0.0,0.707836,0.09097009097009097,0
0.0,0.0,1.0,1.0,0.0,0.0,1.0,0.0,0.0,0.0,1.0,0.0,0.8760290000000001,0.000957000957000957,0
0.0,0.0,0.0,1.0,0.0,1.0,1.0,0.0,0.0,0.0,0.0,0.0,0.918054,0.2631092631092631,0
1.0,0.0,1.0,0.0,0.0,0.0,0.0,0.0,1.0,0.0,0.0,0.0,0.533875,0.1001951001951002,0
1.0,0.0,0.0,1.0,1.0,0.0,1.0,1.0,0.6,0.0,0.0,0.2,0.763558,0.6476956476956477,0
1.0,0.7142857142857142,0.0,0.0,0.0,1.0,1.0,0.1,1.0,0.3,0.1,0.1,0.5414,0.8071128071128071,0
1.0,0.0,1.0,1.0,0.0,0.0,1.0,0.0,0.0,0.0,0.0,0.0,0.0,0.3535163535163535,0
1.0,0.0,1.0,0.0,0.0,0.0,1.0,0.25,0.75,0.125,1.0,0.0,0.821751,0.04667004667004657,0
1.0,0.0,1.0,0.0,0.0,0.0,1.0,0.0,0.125,1.0,0.0,0.0,0.460158,0.42170642170642175,0
1.0,0.0,1.0,0.0,0.0,0.0,1.0,0.5,0.0,1.0,0.5,0.0,0.6284489999999999,0.04029404029404019,0
0.0,0.0,0.0,1.0,1.0,0.0,1.0,1.0,0.428571,0.0,0.0,0.0,0.7703909999999999,0.14925814925814926,0
1.0,1.0,1.0,0.0,0.0,0.0,0.555556,0.333333,0.333333,0.333333,1.0,0.333333,0.458049,0.08876208876208876,0
1.0,0.0,1.0,0.0,1.0,0.0,1.0,0.0,1.0,0.333333,0.0,0.0,0.431164,0.005725005725005725,0
1.0,0.0,1.0,1.0,1.0,1.0,1.0,0.4,1.0,0.1333329999999999,0.1333329999999999,0.1333329999999999,0.8898940000000001,0.15736315736315737,0
1.0,0.0,1.0,1.0,1.0,0.0,0.8,1.0,1.0,0.0,0.25,0.0,0.0,0.2633252633252633,0
0.0,0.14285714285714285,1.0,1.0,0.0,0.0,1.0,0.0,0.25,0.5,0.5,1.0,0.611626,0.0,0
0.0,0.0,1.0,0.0,0.0,1.0,0.0,0.0,0.0,0.0,0.0,0.0,0.0,0.3221383221383221,0
1.0,0.0,0.0,1.0,0.0,0.0,1.0,0.0,0.333333,0.333333,1.0,0.0,0.0,0.00845100845100845,0
1.0,0.0,1.0,0.0,0.0,0.0,0.0,1.0,0.0,0.0,0.0,0.0,0.253831,0.0177020177020177,0
1.0,0.8571428571428571,0.0,1.0,0.0,0.0,1.0,0.2,1.0,0.0,0.0,0.2,0.0,0.007957007957007857,0
1.0,0.0,1.0,0.0,1.0,0.0,0.0,0.1,0.0,1.0,0.0,0.3,0.484889,0.05271105271105271,0
1.0,0.0,1.0,1.0,1.0,0.0,1.0,1.0,1.0,0.0,0.2,0.2,0.911185,0.4793184793184793,0
1.0,0.2857142857142857,1.0,0.0,0.0,0.0,1.0,1.0,0.153846,0.230769,0.0,0.0,0.788253,0.7596757596757596,0
0.0,0.0,1.0,0.0,1.0,1.0,1.0,0.0,0.0,0.0,0.0,1.0,0.0,0.0,0
0.0,0.8571428571428571,1.0,1.0,0.0,0.0,0.0,1.0,0.0,1.0,0.0,0.0,0.0,0.0,0
1.0,0.5714285714285714,0.0,0.0,1.0,0.0,1.0,0.0,0.0,0.0,0.0,0.0,0.0,0.5635585635585636,0
0.0,0.0,0.0,1.0,1.0,0.0,0.0,0.0,0.0,1.0,0.0,0.0,0.0,0.8501108501108502,0
1.0,0.0,1.0,0.0,0.0,0.0,1.0,1.0,0.0,0.0,0.5,0.75,0.5042300000000001,0.015848015848015748,0
0.0,0.8571428571428571,1.0,0.0,0.0,0.0,1.0,0.0,1.0,0.333333,0.333333,0.333333,0.840676,0.39886439886439884,0
1.0,0.0,1.0,0.0,0.0,0.0,0.0,0.0,0.0,1.0,0.0,0.0,0.0,0.0,0
1.0,0.0,0.0,0.0,0.0,0.0,0.0,0.333333,0.0,0.0,1.0,0.166667,0.483387,0.029709029709029607,0
0.0,1.0,1.0,0.0,1.0,0.0,0.0,0.0,0.0,0.0,0.0,0.0,0.0,0.0,0
1.0,0.0,1.0,0.0,0.0,1.0,1.0,0.0,0.0,0.4,1.0,0.6,0.4666189999999999,0.08565108565108566,0
0.0,0.5714285714285714,1.0,0.0,1.0,0.0,1.0,1.0,0.0,0.0,0.0,0.0,0.0,0.0,0
0.0,0.0,0.0,1.0,0.0,0.0,1.0,0.428571,1.0,0.857143,1.0,0.571429,0.0,0.0,0
0.0,0.5714285714285714,1.0,1.0,1.0,0.0,0.0,1.0,0.3,0.2,0.2,0.0,0.0,0.0010250010250010251,0
1.0,0.0,1.0,0.0,1.0,1.0,1.0,0.666667,0.5,0.0,1.0,0.0,0.797763,0.4569134569134569,0
1.0,0.42857142857142855,1.0,0.0,0.0,0.0,1.0,0.1428569999999999,1.0,0.428571,0.2857139999999999,0.0,0.777103,0.6237716237716238,0
0.0,0.0,1.0,0.0,1.0,1.0,0.1111109999999999,0.75,1.0,0.0,0.0,0.0,0.810435,0.0,0
1.0,0.0,1.0,0.0,0.0,0.0,0.0,0.0,0.0,0.0,0.0,1.0,0.569712,0.007478007478007478,0
0.0,0.8571428571428571,0.0,0.0,0.0,0.0,1.0,1.0,0.1428569999999999,0.1428569999999999,0.1428569999999999,0.0,0.800188,0.9261719261719261,0
0.0,0.0,1.0,0.0,0.0,0.0,0.0,0.0,0.0,0.0,1.0,0.0,0.4932189999999999,0.0,0
0.0,0.8571428571428571,1.0,1.0,0.0,0.0,1.0,1.0,0.692308,0.076923,0.384615,0.0,0.0,0.7571217571217572,0
0.0,0.14285714285714285,0.0,0.0,1.0,0.0,1.0,0.8,0.5,0.5,0.5,1.0,0.0,0.0,0
1.0,0.0,1.0,0.0,0.0,0.0,0.0,0.0,0.0,0.0,0.0,0.0,0.0,0.0,0
0.0,0.8571428571428571,1.0,0.0,1.0,0.0,1.0,0.0,0.0,0.0,0.0,1.0,0.0,0.0,0
1.0,0.0,1.0,0.0,0.0,0.0,0.0,0.0,0.0,0.0,0.0,0.0,0.0,0.17944217944217944,0
1.0,1.0,1.0,0.0,1.0,0.0,1.0,0.0,0.333333,0.333333,1.0,0.333333,0.0,0.0,0
1.0,0.0,0.0,0.0,0.0,0.0,1.0,0.0,0.571429,0.0,1.0,0.0,0.0,0.0,0
1.0,0.0,0.0,0.0,1.0,0.0,1.0,0.0,0.0,0.0,0.0,0.0,0.0,0.0,0
0.0,0.0,0.0,1.0,1.0,0.0,1.0,0.0,0.5,0.0,0.5,1.0,0.920664,0.999980999981,0
1.0,0.0,1.0,0.0,0.0,0.0,0.6,1.0,0.333333,0.0,0.333333,1.0,0.34331,0.8604558604558604,0
1.0,0.0,1.0,0.0,0.0,0.0,0.0,0.0,0.0,0.0,0.0,0.0,0.486604,0.527071527071527,0
1.0,0.0,1.0,0.0,0.0,0.0,1.0,0.0,0.0,1.0,0.0,0.0,0.0,0.9892249892249892,0
1.0,0.0,0.0,0.0,0.0,1.0,1.0,0.2,0.8,0.4,1.0,0.8,0.0,0.0,0
1.0,0.0,0.0,1.0,0.0,0.0,0.0,1.0,0.5,0.166667,0.0,0.0,0.612801,0.16136516136516138,0
1.0,0.0,1.0,0.0,0.0,1.0,1.0,0.0,1.0,0.333333,0.0,0.666667,0.4398069999999999,0.053164053164053066,0
0.0,0.0,1.0,0.0,0.0,1.0,1.0,0.5,0.25,1.0,0.5,0.0,0.8852389999999999,0.048858048858048855,0
0.0,0.5714285714285714,1.0,0.0,0.0,0.0,0.0,0.0,1.0,1.0,0.333333,0.0,0.7011189999999999,0.6179286179286179,0
1.0,0.0,1.0,0.0,0.0,0.0,1.0,0.5,0.5,1.0,1.0,0.0,0.517492,0.153001153001153,0
1.0,0.0,1.0,1.0,1.0,0.0,1.0,1.0,0.2,0.0,0.2,0.2,0.5141979999999999,0.06607506607506607,0
0.0,0.0,0.0,0.0,1.0,0.0,1.0,1.0,0.047619,0.2380949999999999,0.0,0.0,0.4102729999999999,0.03354503354503354,0
0.0,0.2857142857142857,0.0,0.0,0.0,0.0,1.0,1.0,0.473684,0.157895,0.0,0.0,0.756076,0.9410829410829411,0
1.0,1.0,0.0,1.0,1.0,0.0,1.0,0.0,0.5,0.5,0.0,1.0,0.0,0.11786511786511786,0
1.0,0.0,1.0,0.0,1.0,0.0,1.0,1.0,0.0,0.0,0.5,0.75,0.0,0.0,0
0.0,0.0,1.0,0.0,1.0,0.0,1.0,1.0,0.75,0.25,0.25,0.0,0.735448,0.5742825742825742,0
1.0,0.0,1.0,1.0,1.0,0.0,0.0,1.0,1.0,0.333333,0.333333,0.666667,0.416821,0.13946513946513947,0
1.0,0.0,1.0,1.0,1.0,0.0,1.0,1.0,0.0,0.0,0.166667,0.166667,0.0,0.032654032654032654,0
1.0,0.0,1.0,0.0,0.0,0.0,1.0,0.0,0.0,0.0,1.0,0.2,0.0,0.0,0
1.0,0.0,1.0,0.0,0.0,0.0,1.0,1.0,1.0,0.0,1.0,0.5,0.465388,0.07853607853607854,0
1.0,0.42857142857142855,0.0,1.0,0.0,0.0,1.0,0.0,1.0,0.1428569999999999,0.857143,0.1428569999999999,0.0,0.0014610014610013612,0
1.0,0.0,1.0,1.0,0.0,1.0,1.0,0.5,1.0,0.5,1.0,1.0,0.97664,0.957074957074957,0
0.0,0.0,1.0,0.0,0.0,0.0,1.0,1.0,0.25,0.75,0.0,0.0,0.0,0.0,0
0.0,0.0,1.0,0.0,0.0,0.0,1.0,1.0,0.047619,0.2380949999999999,0.0,0.0,0.563048,0.0831030831030831,0
1.0,0.0,1.0,0.0,0.0,0.0,1.0,0.4,0.2,0.2,0.4,1.0,0.786094,0.9746919746919747,0
1.0,0.0,1.0,1.0,1.0,1.0,1.0,0.0,0.0,0.5,1.0,0.5,0.0,0.5135285135285135,0
1.0,0.5714285714285714,1.0,0.0,1.0,1.0,1.0,0.166667,0.166667,1.0,0.166667,0.166667,0.8077340000000001,0.38469438469438466,0
0.0,0.0,1.0,0.0,0.0,1.0,0.0,0.0,0.0,0.0,0.0,0.0,0.0,0.0,0
1.0,0.0,1.0,0.0,0.0,0.0,1.0,0.181818,1.0,0.727273,0.090909,0.0,0.597197,0.5874975874975875,0
1.0,0.0,1.0,0.0,0.0,1.0,1.0,0.0,0.0,1.0,0.0,1.0,0.0,0.2286842286842287,0
1.0,0.0,1.0,1.0,1.0,0.0,0.0,0.0,0.2,0.2,0.6,1.0,0.610754,0.46734146734146736,0
1.0,0.0,1.0,0.0,0.0,0.0,1.0,1.0,0.0,1.0,0.0,0.0,0.617363,0.0,0
1.0,0.0,1.0,1.0,0.0,0.0,0.0,1.0,0.0,1.0,0.5,1.0,0.648443,0.23532123532123533,0
1.0,0.0,1.0,0.0,0.0,0.0,1.0,0.666667,0.666667,1.0,0.5,0.0,0.951114,0.7922967922967923,0
1.0,0.2857142857142857,1.0,1.0,0.0,0.0,1.0,1.0,0.153846,0.230769,0.0,0.0,0.0,0.7409237409237409,0
1.0,0.0,1.0,0.0,0.0,0.0,1.0,0.0,1.0,0.0,0.0,0.0,0.829425,0.0,0
0.0,0.0,1.0,0.0,0.0,0.0,0.25,0.666667,0.666667,0.0,0.666667,1.0,0.0,0.0,0
1.0,0.0,1.0,0.0,0.0,0.0,1.0,1.0,1.0,0.0,0.0,1.0,0.606,0.11888311888311878,0
1.0,0.0,1.0,1.0,1.0,1.0,1.0,1.0,1.0,0.0,0.2,0.2,0.0,0.13166113166113166,0
0.0,0.0,1.0,0.0,0.0,0.0,1.0,0.0,0.0,1.0,0.5,0.0,0.0,0.0,0
0.0,1.0,1.0,0.0,0.0,0.0,1.0,0.25,0.5,1.0,0.5,0.0,0.468385,0.7914977914977915,0
1.0,0.0,0.0,0.0,0.0,0.0,1.0,0.25,1.0,0.0,0.0,0.0,0.0,0.0,0
1.0,0.0,1.0,0.0,0.0,0.0,1.0,0.0,0.25,0.75,1.0,0.0,0.588871,0.07153607153607154,0
0.0,0.0,0.0,1.0,1.0,0.0,0.0,1.0,0.5,0.5,0.25,0.0,0.931856,0.3229203229203229,0
1.0,0.2857142857142857,1.0,1.0,0.0,0.0,1.0,1.0,1.0,0.333333,0.333333,0.0,0.946643,0.3398203398203397,0
1.0,0.8571428571428571,1.0,0.0,0.0,0.0,1.0,1.0,0.166667,0.166667,0.333333,0.333333,0.145992,0.01847001847001847,0
1.0,0.0,0.0,0.0,0.0,0.0,1.0,0.0,1.0,0.0,0.0,0.25,0.82285,0.7267857267857268,0
0.0,0.0,1.0,0.0,0.0,0.0,1.0,0.0,1.0,0.0,1.0,0.0,0.0,0.03529203529203529,0
0.0,0.8571428571428571,1.0,0.0,0.0,1.0,1.0,0.0,0.0,1.0,0.4,0.4,0.0,0.4605024605024605,0
1.0,0.8571428571428571,0.0,0.0,0.0,0.0,1.0,0.25,0.0,0.75,1.0,0.5,0.601117,0.001596001596001596,0
1.0,0.0,1.0,0.0,0.0,0.0,0.0,0.0,0.0,0.0,0.0,0.0,0.0,0.7032747032747032,0
1.0,0.0,0.0,0.0,0.0,0.0,0.0,0.0,0.0,0.0,0.0,0.0,0.0,0.0,0
1.0,0.0,1.0,0.0,0.0,0.0,1.0,0.6,1.0,0.0,0.2,0.0,0.698091,0.0,0
1.0,0.0,1.0,0.0,0.0,0.0,0.1,1.0,0.666667,0.0,0.0,0.0,0.380415,0.0,0
1.0,0.0,1.0,1.0,0.0,0.0,1.0,0.166667,1.0,0.0,0.333333,0.166667,0.402474,0.0,0
1.0,0.0,1.0,0.0,0.0,0.0,0.0,0.0,0.0,0.0,0.0,0.0,0.0,0.0,0
1.0,0.0,0.0,0.0,1.0,0.0,0.8,1.0,1.0,0.0,0.25,0.0,0.749948,0.0,0
0.0,0.0,1.0,0.0,0.0,0.0,0.0,0.0,0.333333,0.0,1.0,0.333333,0.453227,0.0,0
1.0,0.0,1.0,1.0,0.0,1.0,1.0,0.8,0.4,1.0,0.8,0.4,0.900994,0.5953865953865953,0
0.0,0.0,0.0,1.0,1.0,0.0,0.625,1.0,0.666667,1.0,0.0,0.666667,0.918506,0.9846669846669848,0
0.0,0.0,1.0,0.0,0.0,0.0,1.0,0.4,1.0,0.2,0.0,0.0,0.731274,0.5492835492835493,0
1.0,0.0,0.0,0.0,1.0,0.0,0.0,0.5,0.5,1.0,0.5,0.5,0.0,0.0,0
1.0,0.0,1.0,0.0,0.0,0.0,1.0,1.0,0.6,0.2,0.0,0.4,0.551902,0.04298904298904299,0
0.0,0.0,0.0,0.0,0.0,0.0,0.0,0.0,0.0,1.0,0.0,1.0,0.0,0.0,0
1.0,0.0,1.0,0.0,1.0,0.0,1.0,0.0,1.0,0.0,0.666667,1.0,0.387188,0.20094620094620097,0
1.0,0.0,1.0,0.0,1.0,0.0,1.0,0.0,0.2857139999999999,0.2857139999999999,1.0,0.2857139999999999,0.0,0.0,0
1.0,0.0,1.0,1.0,0.0,0.0,0.0,1.0,0.833333,0.0,0.166667,0.0,0.910245,0.0938940938940939,0
0.0,0.0,1.0,1.0,1.0,0.0,0.25,0.0,0.666667,0.0,1.0,0.666667,0.6192810000000001,0.3219433219433219,0
0.0,0.8571428571428571,1.0,1.0,1.0,0.0,1.0,0.0,0.0,1.0,0.0,1.0,0.0,0.22713622713622714,0
1.0,0.0,1.0,0.0,0.0,0.0,1.0,0.0,1.0,0.0,0.0,0.0,0.3786739999999999,0.032256032256032255,0
1.0,0.0,1.0,0.0,1.0,1.0,1.0,1.0,0.4,0.8,0.4,0.0,0.381136,0.358989358989359,0
1.0,0.0,0.0,1.0,1.0,0.0,1.0,1.0,0.2,0.0,0.2,0.4,0.825953,0.1927031927031926,0
1.0,0.0,1.0,1.0,1.0,0.0,1.0,0.0,0.0,0.0,1.0,0.0,0.744598,0.0,0
0.0,0.0,1.0,0.0,0.0,0.0,0.0,0.0,0.0,0.0,0.0,0.0,0.688203,0.22219822219822222,0
0.0,0.0,1.0,0.0,0.0,0.0,0.0,0.0,0.0,0.0,0.0,0.0,0.633025,0.7421587421587421,0
1.0,0.8571428571428571,1.0,1.0,0.0,0.0,1.0,0.0,0.818182,1.0,0.090909,0.272727,0.993113,0.09212309212309212,0
1.0,0.0,0.0,0.0,0.0,0.0,0.0,0.0,0.0,0.0,0.0,0.0,0.7200449999999999,0.004636004636004636,0
1.0,0.0,0.0,0.0,0.0,0.0,0.0,0.0,0.25,1.0,0.5,0.25,0.328282,0.6483506483506484,0
1.0,0.5714285714285714,1.0,0.0,1.0,0.0,1.0,0.533333,1.0,0.0666669999999999,0.1333329999999999,0.0,0.69722,0.009928009928009927,0
1.0,0.0,1.0,0.0,0.0,0.0,1.0,0.454545,1.0,0.545455,0.181818,0.0,0.0,0.7828157828157828,0
1.0,0.0,0.0,0.0,0.0,0.0,0.0,0.0,0.0,0.0,1.0,0.5,0.0,0.0,0
1.0,0.8571428571428571,0.0,0.0,1.0,0.0,0.025974,0.0,0.0,0.0,0.0,0.0,0.0,0.0,0
0.0,0.8571428571428571,1.0,1.0,1.0,0.0,1.0,1.0,0.125,0.125,0.0,0.0,0.5461159999999999,0.1835701835701836,0
1.0,0.0,1.0,0.0,0.0,0.0,0.0,0.1111109999999999,0.0,0.0,0.1111109999999999,1.0,0.780311,0.41123741123741114,0
1.0,0.0,1.0,0.0,0.0,0.0,0.028571,0.1428569999999999,0.857143,1.0,0.1428569999999999,0.0,0.0,0.005118005118005118,0
1.0,0.0,0.0,0.0,0.0,0.0,0.0,0.0,0.0,0.0,0.0,0.0,0.752323,0.8685388685388684,0
1.0,0.42857142857142855,1.0,1.0,0.0,0.0,1.0,0.384615,0.307692,1.0,0.0,0.076923,0.789734,0.005988005988005988,0
1.0,0.0,1.0,0.0,0.0,0.0,0.1,1.0,0.666667,0.0,0.0,0.0,0.735214,0.9925609925609926,0
0.0,0.5714285714285714,0.0,1.0,0.0,1.0,1.0,0.4,1.0,1.0,0.6,0.2,0.799371,0.000492000492000492,0
1.0,0.0,0.0,1.0,0.0,0.0,1.0,0.5,1.0,0.5,1.0,1.0,0.0,0.8554468554468554,0
0.0,0.14285714285714285,1.0,0.0,0.0,0.0,1.0,0.8,1.0,0.0,0.2,0.0,0.965471,0.806028806028806,0
1.0,0.0,1.0,0.0,0.0,0.0,1.0,0.666667,0.666667,1.0,0.5,0.0,0.64549,0.7058517058517059,0
0.0,0.8571428571428571,1.0,1.0,0.0,0.0,0.051282,0.0,0.1111109999999999,0.666667,1.0,0.8888889999999999,0.641452,0.9790419790419791,0
0.0,0.0,0.0,0.0,1.0,0.0,1.0,0.0,0.0,0.0,0.3,1.0,0.0,0.06406706406706407,0
1.0,0.7142857142857142,1.0,1.0,0.0,0.0,1.0,0.2,0.8,1.0,0.0,0.0,0.714137,0.013343013343013344,0
1.0,0.0,1.0,1.0,1.0,1.0,1.0,0.625,0.25,0.0,0.125,1.0,0.641204,0.027844027844027845,0
1.0,0.0,1.0,0.0,0.0,0.0,1.0,0.5,0.5,0.5,0.5,1.0,0.5707720000000001,0.33375633375633373,0
0.0,0.8571428571428571,1.0,0.0,0.0,0.0,1.0,0.1111109999999999,0.555556,1.0,0.0,0.1111109999999999,0.843974,0.009702009702009603,0
0.0,0.0,1.0,0.0,0.0,0.0,0.0,0.0,0.0,0.0,0.0,0.0,0.0,0.0,0
1.0,0.0,1.0,1.0,1.0,0.0,1.0,1.0,0.16,0.0,0.0,0.0,0.793866,0.08713508713508714,0
1.0,0.0,1.0,0.0,1.0,0.0,1.0,0.25,1.0,0.0,1.0,0.25,0.710521,0.15157715157715157,0
1.0,0.0,1.0,0.0,0.0,0.0,0.0,0.0,0.0,0.0,0.0,0.0,0.0,0.0,0
1.0,0.0,1.0,1.0,0.0,1.0,1.0,1.0,0.2,0.0,0.2,0.4,0.945483,0.107010107010107,0
1.0,0.0,1.0,0.0,0.0,0.0,1.0,0.5,0.5,1.0,0.0,0.25,0.0,0.31960531960531957,0
1.0,0.0,1.0,0.0,0.0,0.0,1.0,0.0,0.0,0.0,0.0,0.0,0.0,0.0,0
0.0,0.0,1.0,0.0,0.0,0.0,0.0,0.0,0.0,0.0,0.0,0.0,0.0,0.0,0
0.0,0.0,0.0,1.0,0.0,0.0,1.0,0.428571,0.0,0.214286,1.0,0.714286,0.677107,0.10505710505710505,0
1.0,0.0,1.0,0.0,0.0,0.0,1.0,0.25,0.0,0.75,0.25,1.0,0.555095,0.5294105294105295,0
0.0,0.0,1.0,0.0,1.0,1.0,1.0,0.0,1.0,0.666667,0.666667,0.0,0.0,0.0,0
1.0,0.0,0.0,1.0,1.0,1.0,1.0,0.0,0.0,0.0,1.0,0.5,0.0,0.0,0
0.0,0.0,1.0,0.0,0.0,0.0,1.0,1.0,0.75,0.0,0.75,0.0,0.0,0.002481002481002381,0
1.0,0.8571428571428571,0.0,0.0,1.0,0.0,0.025974,0.0,0.0,0.0,0.0,0.0,0.0,0.0,0
0.0,0.0,0.0,1.0,0.0,0.0,0.0,1.0,1.0,0.333333,0.5,0.0,0.5185960000000001,0.9526329526329527,0
0.0,0.0,1.0,0.0,0.0,0.0,0.0,0.0,0.0,0.0,0.0,0.0,0.6354380000000001,0.9254839254839254,0
1.0,1.0,1.0,0.0,0.0,0.0,0.555556,0.333333,0.333333,0.333333,1.0,0.333333,0.0,0.0,0
0.0,0.0,1.0,0.0,1.0,0.0,1.0,1.0,1.0,0.666667,0.333333,0.0,0.0,0.0,0
1.0,0.0,1.0,0.0,0.0,0.0,1.0,0.0,1.0,0.0,0.0,0.0,0.617213,0.39901139901139904,0
1.0,0.0,1.0,0.0,0.0,0.0,1.0,0.0,1.0,0.0,0.5,0.5,0.440446,0.003272003272003172,0
0.0,0.14285714285714285,1.0,0.0,0.0,1.0,1.0,0.8,1.0,0.0,0.2,0.0,0.7074189999999999,0.386976386976387,0
1.0,0.0,1.0,0.0,0.0,0.0,0.181818,0.333333,0.333333,0.666667,1.0,0.333333,0.0,0.34374434374434376,0
1.0,0.0,0.0,0.0,0.0,0.0,1.0,0.461538,1.0,0.461538,0.0,0.0,0.0,0.1655941655941656,0
0.0,0.0,0.0,1.0,0.0,0.0,0.0714289999999999,0.2,0.0,0.2,1.0,0.0,0.826406,0.0,0
0.0,0.14285714285714285,1.0,0.0,0.0,0.0,1.0,0.8,1.0,0.0,0.2,0.0,0.0,0.928964928964929,0
1.0,0.0,1.0,0.0,0.0,0.0,1.0,0.555556,1.0,0.2222219999999999,0.2222219999999999,0.0,0.970829,0.24733824733824733,0
0.0,0.0,1.0,0.0,0.0,0.0,1.0,1.0,0.0,0.0,0.0,0.333333,0.6600729999999999,0.010327010327010326,0
1.0,0.0,1.0,0.0,1.0,0.0,1.0,1.0,0.2,0.2,0.6,0.0,0.0,0.0,0
1.0,0.0,1.0,1.0,0.0,0.0,1.0,0.166667,1.0,0.0,0.333333,0.166667,0.8399760000000001,0.0,0
0.0,0.0,1.0,0.0,0.0,0.0,1.0,0.4,1.0,0.2,0.0,0.0,0.7061689999999999,0.990870990870991,0
1.0,0.42857142857142855,1.0,0.0,0.0,1.0,1.0,1.0,0.5,1.0,1.0,0.0,0.8716799999999999,0.001758001758001658,0
0.0,0.0,1.0,0.0,0.0,0.0,0.0,0.0,0.0,0.0,0.0,0.0,0.0,0.0,0
0.0,0.8571428571428571,1.0,1.0,0.0,0.0,1.0,0.1111109999999999,0.555556,1.0,0.0,0.1111109999999999,0.809929,0.020677020677020676,0
0.0,0.0,1.0,1.0,0.0,0.0,0.1333329999999999,0.571429,0.571429,0.2857139999999999,1.0,0.1428569999999999,0.668686,0.9999059999059999,0
1.0,0.0,0.0,1.0,0.0,0.0,1.0,0.0,0.333333,0.666667,1.0,0.0,0.4093739999999999,0.003686003686003686,0
0.0,0.0,0.0,0.0,0.0,0.0,0.0,0.25,0.0,0.25,1.0,0.5,0.0,0.7207997207997208,0
0.0,0.0,1.0,0.0,0.0,0.0,0.0,0.0,0.0,0.0,1.0,1.0,0.0,0.0,0
1.0,0.0,1.0,1.0,0.0,0.0,1.0,1.0,0.3,0.0,0.1,0.2,0.0,0.9998639998639998,0
1.0,0.0,1.0,0.0,0.0,0.0,1.0,0.0,0.0,0.0,0.0,1.0,0.0,0.0,0
1.0,0.0,1.0,0.0,0.0,0.0,0.0,0.0,0.0,0.0,0.0,0.0,0.0,0.019796019796019797,0
1.0,0.5714285714285714,1.0,1.0,1.0,0.0,1.0,0.533333,1.0,0.0666669999999999,0.1333329999999999,0.0,0.4278939999999999,0.27156627156627156,0
1.0,0.0,1.0,0.0,0.0,0.0,1.0,0.0,0.0,0.0,1.0,0.1333329999999999,0.0,0.0,0
1.0,0.0,1.0,0.0,0.0,0.0,1.0,0.0,0.75,0.25,0.5,1.0,0.0,0.0,0
1.0,0.0,1.0,1.0,0.0,0.0,0.052174,0.0,0.333333,0.333333,1.0,0.666667,0.0,0.022578022578022577,0
1.0,0.0,1.0,0.0,0.0,0.0,1.0,0.5,0.0,1.0,0.25,0.0,0.678006,0.9282869282869283,0
0.0,0.7142857142857142,1.0,0.0,0.0,0.0,1.0,1.0,0.333333,0.166667,0.0,0.166667,0.0,0.0,0
1.0,0.5714285714285714,1.0,1.0,0.0,0.0,1.0,0.0,0.2222219999999999,0.0,1.0,0.1111109999999999,0.8981399999999999,0.5763405763405763,0
1.0,0.0,1.0,0.0,0.0,0.0,1.0,0.0,0.0,0.0,1.0,0.0,0.0,0.0,0
1.0,0.0,1.0,0.0,0.0,0.0,1.0,0.333333,0.333333,1.0,0.666667,0.0,0.751309,0.0021780021780021777,0
0.0,0.0,1.0,0.0,0.0,0.0,0.0,0.0,0.0,0.0,0.0,0.0,0.0,0.0,0
1.0,0.0,0.0,0.0,0.0,0.0,0.0,1.0,0.333333,0.266667,0.0666669999999999,0.0,0.0,0.7904497904497904,0
0.0,0.0,1.0,0.0,0.0,0.0,1.0,0.0,1.0,1.0,0.0,0.333333,0.0,0.5848975848975849,0
0.0,0.0,1.0,0.0,0.0,0.0,1.0,0.25,0.0,0.0,1.0,0.0,0.0,0.09176809176809167,0
1.0,0.0,1.0,0.0,0.0,1.0,0.0,0.0,0.0,0.0,0.0,0.0,0.391822,0.8242848242848243,0
1.0,0.7142857142857142,1.0,1.0,0.0,1.0,1.0,0.166667,1.0,0.5,0.0,0.166667,0.0,0.0,0
0.0,0.0,1.0,0.0,0.0,0.0,1.0,0.666667,0.0,0.0,0.0,1.0,0.0,0.0,0
0.0,0.5714285714285714,0.0,0.0,1.0,0.0,0.0,0.0,0.0,0.0,0.0,1.0,0.0,0.0,0
0.0,0.0,1.0,0.0,1.0,0.0,1.0,0.0,0.0,0.0,0.0,1.0,0.673283,0.010088010088010088,0
0.0,0.0,1.0,1.0,0.0,0.0,1.0,1.0,0.25,0.5,0.25,0.25,0.0,0.026715026715026714,0
1.0,0.0,1.0,0.0,1.0,0.0,1.0,0.333333,0.666667,1.0,0.333333,0.333333,0.0,0.0,0
1.0,0.0,1.0,0.0,0.0,0.0,1.0,0.5,0.0,1.0,0.25,0.0,0.0,0.7277857277857278,0
1.0,0.0,1.0,0.0,0.0,0.0,0.0,0.0,0.0,0.0,0.0,0.0,0.0,0.0,0
0.0,0.0,1.0,1.0,0.0,0.0,1.0,0.166667,0.666667,1.0,0.5,0.666667,0.789572,0.6356866356866356,0
0.0,0.8571428571428571,1.0,1.0,1.0,1.0,1.0,0.5,0.0,0.0,1.0,0.0,0.0,0.5056375056375056,0
1.0,0.14285714285714285,1.0,0.0,0.0,0.0,0.0,0.0,0.0,0.0,0.0,0.0,0.399711,0.07383507383507383,0
1.0,1.0,1.0,1.0,1.0,1.0,0.0,0.25,0.0,0.25,0.75,1.0,0.690948,0.9674269674269674,0
1.0,1.0,0.0,0.0,0.0,0.0,1.0,0.1428569999999999,0.0,0.2857139999999999,1.0,0.2857139999999999,0.807956,0.0,0
1.0,0.0,1.0,0.0,0.0,1.0,1.0,0.0,0.25,0.75,1.0,0.0,0.8074899999999999,0.8138858138858139,0
0.0,0.0,1.0,0.0,0.0,1.0,0.0,1.0,1.0,0.0,0.0,0.0,0.97026,0.9819959819959819,0
0.0,0.0,0.0,1.0,1.0,0.0,1.0,1.0,0.2,0.4,0.2,0.2,0.993288,0.022857022857022857,0
1.0,0.7142857142857142,1.0,1.0,1.0,1.0,1.0,0.0,0.0,0.0,0.0,0.0,0.730889,0.0013010013010013011,0
1.0,0.0,1.0,0.0,0.0,0.0,0.0,0.0,0.0,0.0,0.0,0.0,0.0,0.0,0
0.0,0.7142857142857142,1.0,0.0,0.0,0.0,1.0,0.2,0.2,1.0,0.3,0.2,0.0,0.25693625693625693,0
1.0,0.0,1.0,1.0,0.0,0.0,1.0,1.0,0.2,0.0,0.2,0.2,0.915567,0.004605004605004605,0
1.0,0.0,1.0,1.0,0.0,1.0,0.0,0.4444439999999999,0.666667,1.0,0.333333,0.0,0.587029,0.9472399472399473,0
1.0,0.0,0.0,0.0,0.0,0.0,1.0,0.0,0.571429,0.0,1.0,0.0,0.0,0.0,0
1.0,0.42857142857142855,1.0,1.0,1.0,0.0,0.1,0.0,1.0,0.545455,0.181818,0.272727,0.0,0.3219123219123219,0
1.0,0.0,0.0,0.0,0.0,0.0,0.166667,1.0,0.0,0.0,0.5,0.0,0.955559,0.008186008186008186,0
1.0,0.0,1.0,1.0,0.0,0.0,1.0,1.0,0.2,0.0,0.6,0.6,0.656921,0.626952626952627,0
1.0,0.0,1.0,0.0,0.0,0.0,0.0,0.666667,0.0,0.0,1.0,0.0,0.625035,0.8858278858278859,0
0.0,0.42857142857142855,1.0,0.0,0.0,0.0,1.0,0.666667,1.0,1.0,0.333333,0.0,0.378801,0.012494012494012495,0
1.0,1.0,1.0,1.0,0.0,0.0,0.0,0.0,0.2857139999999999,0.714286,0.714286,1.0,0.718891,0.003158003158003058,0
1.0,1.0,1.0,0.0,0.0,0.0,1.0,0.125,0.375,0.0625,0.0,1.0,0.0,0.9635259635259635,0
1.0,0.0,1.0,0.0,0.0,0.0,0.0,0.0,0.0,0.0,0.0,0.0,0.755682,0.4900554900554901,0
1.0,0.0,1.0,0.0,1.0,0.0,1.0,0.0,0.0,0.0,0.0,0.0,0.0,0.0,0
0.0,0.0,1.0,0.0,0.0,0.0,0.0,0.0,0.0,0.0,0.0,0.0,0.0,0.07963407963407963,0
0.0,0.0,1.0,0.0,0.0,0.0,0.0,0.0,0.0,1.0,0.0,0.0,0.0,0.6081996081996082,0
1.0,0.0,1.0,0.0,0.0,0.0,0.0,0.0,0.5,0.5,1.0,0.5,0.366748,0.04611904611904612,1
1.0,0.0,1.0,0.0,0.0,0.0,1.0,0.0,0.0,0.0,1.0,0.0,0.513488,0.1333811333811334,1
0.0,0.5714285714285714,1.0,0.0,0.0,0.0,1.0,0.0,1.0,1.0,1.0,1.0,0.7698109999999999,0.9808859808859809,1
0.0,0.5714285714285714,1.0,0.0,0.0,0.0,1.0,0.0,1.0,1.0,1.0,1.0,0.971016,0.5948865948865948,1
0.0,0.42857142857142855,1.0,1.0,1.0,0.0,0.0714289999999999,0.0,0.5,0.5,0.5,1.0,0.345481,0.04999604999604999,1
1.0,0.7142857142857142,1.0,0.0,1.0,0.0,1.0,0.0,0.0,1.0,1.0,0.0,0.0,0.0,1
1.0,0.14285714285714285,0.0,0.0,0.0,0.0,0.0,0.0,0.0,0.0,0.0,0.0,0.399948,0.00399000399000399,1
1.0,0.14285714285714285,1.0,0.0,0.0,0.0,0.0,0.0,0.0,0.0,0.0,0.0,0.353335,0.7960517960517961,1
1.0,0.14285714285714285,1.0,0.0,0.0,0.0,0.0,0.0,0.0,0.0,0.0,0.0,0.317657,0.8343538343538344,1
1.0,0.14285714285714285,1.0,0.0,0.0,0.0,0.0,0.0,0.0,0.0,0.0,0.0,0.976047,0.24065424065424065,1
0.0,0.0,0.0,0.0,1.0,0.0,1.0,1.0,1.0,0.0,0.777778,0.4444439999999999,0.3920619999999999,0.06467506467506468,1
0.0,0.0,1.0,1.0,1.0,0.0,1.0,1.0,1.0,0.0,0.777778,0.4444439999999999,0.605749,0.9132759132759132,1
0.0,0.0,0.0,1.0,1.0,0.0,1.0,1.0,1.0,0.0,0.777778,0.4444439999999999,0.0,0.000191000191000091,1
0.0,0.0,1.0,1.0,1.0,0.0,1.0,1.0,1.0,0.0,0.777778,0.4444439999999999,0.693268,0.2882862882862883,1
0.0,0.0,0.0,1.0,1.0,0.0,1.0,1.0,1.0,0.0,0.777778,0.4444439999999999,0.998545,0.01834201834201824,1
0.0,0.8571428571428571,1.0,1.0,0.0,1.0,1.0,0.1111109999999999,0.555556,1.0,0.0,0.1111109999999999,0.370751,0.04017304017304017,1
1.0,0.0,1.0,0.0,0.0,0.0,1.0,0.0,0.0,0.0,0.0,0.0,0.67638,0.060758060758060756,1
1.0,0.0,1.0,0.0,0.0,0.0,1.0,0.0,0.0,0.0,0.0,0.0,0.0,0.0028640028640028637,1
0.0,0.0,1.0,0.0,1.0,0.0,1.0,0.0,0.2,0.4,1.0,0.0,0.762436,0.991032991032991,1
0.0,0.0,1.0,0.0,0.0,0.0,1.0,0.2,0.8,1.0,0.0,0.0,0.0,0.0,1
0.0,0.0,1.0,1.0,1.0,0.0,1.0,0.2,0.8,1.0,0.0,0.0,0.483239,0.13406713406713405,1
1.0,0.0,0.0,0.0,1.0,1.0,1.0,1.0,0.8461540000000001,0.153846,0.076923,0.230769,0.0,0.0,1
0.0,0.0,1.0,0.0,0.0,0.0,1.0,1.0,0.0,1.0,1.0,1.0,0.0,0.531927531927532,1
0.0,0.0,1.0,0.0,0.0,0.0,1.0,1.0,0.0,1.0,1.0,1.0,0.62839,0.9029209029209029,1
1.0,0.0,1.0,0.0,0.0,0.0,1.0,0.0,0.0,0.0,0.333333,1.0,0.0,0.8302258302258302,1
1.0,0.0,1.0,0.0,0.0,0.0,0.0,0.0,0.0,0.0,0.0,0.0,0.41288,0.6519566519566521,1
1.0,0.0,1.0,0.0,0.0,0.0,0.1111109999999999,0.5,0.0,1.0,0.25,0.25,0.756654,0.980999980999981,1
0.0,1.0,1.0,0.0,1.0,0.0,1.0,1.0,0.333333,0.666667,0.333333,0.0,0.395474,0.08322308322308324,1
0.0,1.0,0.0,1.0,1.0,0.0,1.0,1.0,0.333333,0.666667,0.333333,0.0,0.336417,0.7003877003877004,1
0.0,0.7142857142857142,1.0,1.0,1.0,0.0,0.0,0.0,0.0,0.0,1.0,1.0,0.712396,0.24925124925124925,1
0.0,0.5714285714285714,1.0,0.0,1.0,0.0,0.0,0.0,0.0,0.0,0.0,1.0,0.0,0.0,1
1.0,0.0,1.0,1.0,1.0,0.0,1.0,1.0,1.0,0.333333,0.2222219999999999,0.0,0.733124,0.2324932324932324,1
1.0,0.0,1.0,1.0,1.0,0.0,1.0,1.0,1.0,0.333333,0.2222219999999999,0.0,0.922905,0.9838769838769839,1
0.0,0.0,0.0,0.0,0.0,0.0,0.0,0.0,0.0,0.0,0.0,0.0,0.381131,0.1651961651961652,1
0.0,0.0,1.0,0.0,0.0,0.0,0.0,0.0,0.0,0.0,0.0,0.0,0.550715,0.9078669078669078,1
0.0,0.0,1.0,0.0,0.0,0.0,0.0,0.0,0.0,0.0,0.0,0.0,0.579708,0.9648519648519649,1
0.0,0.0,1.0,0.0,0.0,0.0,0.0,0.0,0.0,0.0,0.0,0.0,0.588274,0.9551599551599551,1
0.0,0.0,1.0,0.0,0.0,0.0,0.0,0.0,0.0,0.0,0.0,0.0,0.82378,0.9724279724279725,1
0.0,0.0,1.0,0.0,1.0,0.0,1.0,1.0,0.75,0.25,0.0,0.0,0.638707,0.9267499267499268,1
0.0,0.0,1.0,0.0,0.0,1.0,1.0,0.25,1.0,1.0,0.0,0.0,0.578509,0.2217162217162217,1
0.0,0.0,1.0,0.0,0.0,0.0,1.0,0.25,1.0,1.0,0.0,0.0,0.0,0.0,1
1.0,0.0,1.0,0.0,0.0,0.0,1.0,1.0,0.2,0.2,0.6,0.0,0.890368,0.0,1
1.0,0.0,1.0,0.0,0.0,0.0,0.0,0.0,0.0,0.0,0.0,0.0,0.0,0.8154688154688156,1
1.0,0.0,1.0,0.0,0.0,0.0,1.0,1.0,0.5,0.5,0.0,0.0,0.0,0.0,1
0.0,0.5714285714285714,1.0,0.0,1.0,1.0,1.0,0.666667,1.0,0.666667,0.333333,0.0,0.793457,0.7666207666207666,1
0.0,0.5714285714285714,1.0,0.0,0.0,1.0,1.0,0.666667,1.0,0.666667,0.333333,0.0,0.496177,0.00654000654000654,1
0.0,0.8571428571428571,1.0,1.0,0.0,0.0,1.0,1.0,0.1428569999999999,0.1428569999999999,0.1428569999999999,0.0,0.902998,0.000255000255000155,1
1.0,0.0,1.0,1.0,0.0,0.0,1.0,1.0,0.1,0.0,0.1,0.0,0.0,0.6217776217776219,1
0.0,1.0,1.0,0.0,0.0,0.0,1.0,0.0,0.0,0.0,0.0,1.0,0.0,0.0,1
0.0,0.0,0.0,0.0,0.0,0.0,1.0,1.0,1.0,0.5,0.5,0.0,0.370195,0.299069299069299,1
0.0,1.0,1.0,0.0,0.0,0.0,1.0,0.0,1.0,1.0,0.0,0.5,0.0,0.0,1
0.0,1.0,1.0,1.0,0.0,0.0,1.0,0.0,1.0,1.0,0.0,0.5,0.536722,0.3541203541203541,1
1.0,0.0,1.0,1.0,0.0,0.0,1.0,0.5,1.0,0.5,0.0,0.125,0.806639,0.009436009436009436,1
1.0,0.0,0.0,1.0,1.0,0.0,1.0,0.5,1.0,0.5,0.0,0.125,0.7438,0.7265607265607266,1
1.0,0.0,1.0,0.0,0.0,0.0,1.0,1.0,1.0,1.0,0.0,0.0,0.0,0.0,1
1.0,0.0,1.0,0.0,1.0,0.0,1.0,1.0,1.0,1.0,0.0,0.0,0.66347,0.9752479752479752,1
1.0,0.0,1.0,1.0,0.0,0.0,1.0,0.0,0.0,0.0,0.0,0.0,0.589349,0.868028868028868,1
0.0,1.0,1.0,1.0,0.0,0.0,0.1111109999999999,1.0,0.0,0.5,0.5,0.0,0.389349,0.06536406536406537,1
0.0,0.5714285714285714,1.0,0.0,0.0,0.0,0.0,0.5,0.0,0.0,0.5,1.0,0.0,0.9765139765139765,1
0.0,0.5714285714285714,1.0,0.0,0.0,0.0,0.0,0.5,0.0,0.0,0.5,1.0,0.0,0.9897589897589898,1
0.0,0.5714285714285714,1.0,0.0,1.0,0.0,0.0,0.5,0.0,0.0,0.5,1.0,0.594723,0.9571529571529571,1
0.0,0.5714285714285714,1.0,0.0,0.0,0.0,0.0,0.5,0.0,0.0,0.5,1.0,0.0,0.9306229306229306,1
0.0,0.5714285714285714,1.0,0.0,0.0,0.0,0.0,0.5,0.0,0.0,0.5,1.0,0.0,0.9884439884439884,1
0.0,0.0,0.0,0.0,0.0,0.0,0.0,0.0,0.0,0.0,0.0,0.0,0.880125,0.07007507007507008,1
0.0,0.0,1.0,0.0,0.0,0.0,0.0,0.0,0.0,0.0,0.0,0.0,0.764696,0.3370903370903371,1
1.0,0.0,1.0,0.0,1.0,0.0,0.0,0.833333,1.0,0.083333,0.083333,0.0,0.0,0.0,1
1.0,0.0,0.0,0.0,0.0,0.0,0.0,0.833333,1.0,0.083333,0.083333,0.0,0.0,0.0,1
1.0,0.0,1.0,0.0,1.0,0.0,0.0,0.833333,1.0,0.083333,0.083333,0.0,0.0,0.0,1
1.0,0.0,1.0,1.0,0.0,0.0,0.0,0.6,1.0,0.6,0.0,0.2,0.612417,0.05239205239205229,1
1.0,0.0,0.0,1.0,0.0,0.0,0.0,0.6,1.0,0.6,0.0,0.2,0.8373950000000001,0.001895001895001895,1
1.0,0.42857142857142855,1.0,1.0,0.0,0.0,1.0,0.384615,0.307692,1.0,0.0,0.076923,0.0,0.14723314723314723,1
1.0,0.42857142857142855,1.0,1.0,1.0,1.0,1.0,0.047619,1.0,0.095238,0.190476,0.095238,0.867201,0.9637299637299637,1
0.0,0.7142857142857142,1.0,0.0,1.0,0.0,1.0,0.857143,0.2857139999999999,0.428571,1.0,0.0,0.683815,0.9595999595999596,1
0.0,0.7142857142857142,1.0,0.0,1.0,0.0,1.0,0.857143,0.2857139999999999,0.428571,1.0,0.0,0.808689,0.9936959936959937,1
0.0,0.14285714285714285,1.0,0.0,0.0,0.0,1.0,0.0,0.25,0.5,0.5,1.0,0.0,0.0,1
0.0,0.14285714285714285,0.0,1.0,1.0,0.0,1.0,0.0,0.25,0.5,0.5,1.0,0.0,0.36666636666636665,1
0.0,0.14285714285714285,0.0,1.0,1.0,0.0,1.0,0.0,0.25,0.5,0.5,1.0,0.7166859999999999,0.0,1
0.0,0.14285714285714285,1.0,1.0,0.0,0.0,0.0,1.0,1.0,0.333333,0.333333,0.0,0.839349,0.4998644998644998,1
0.0,0.0,0.0,0.0,1.0,0.0,1.0,1.0,0.75,0.0,0.75,0.0,0.741142,0.21764621764621767,1
1.0,0.0,0.0,1.0,1.0,0.0,0.0,1.0,0.2857139999999999,0.1428569999999999,0.0,0.0,0.472041,0.7155597155597156,1
1.0,0.0,0.0,1.0,1.0,0.0,0.0,1.0,0.2857139999999999,0.1428569999999999,0.0,0.0,0.631309,0.11315411315411304,1
1.0,0.2857142857142857,1.0,1.0,1.0,0.0,1.0,0.666667,0.666667,0.666667,1.0,0.333333,0.439543,0.5018135018135019,1
1.0,0.0,1.0,1.0,1.0,0.0,0.0,0.25,0.0,0.25,1.0,0.0,0.0,0.31884931884931883,1
1.0,0.0,1.0,0.0,0.0,0.0,1.0,1.0,0.5,0.0,0.5,0.0,0.614502,0.4491934491934492,1
1.0,0.0,1.0,1.0,0.0,0.0,1.0,1.0,0.5,0.0,0.5,0.0,0.0,0.9804259804259804,1
1.0,0.0,0.0,0.0,0.0,0.0,1.0,0.555556,1.0,0.2222219999999999,0.2222219999999999,0.0,0.995129,0.38622238622238614,1
0.0,0.0,1.0,0.0,0.0,0.0,0.0,0.0,0.0,0.0,0.0,0.0,0.0,0.0,1
1.0,0.0,1.0,1.0,0.0,0.0,1.0,1.0,0.5,0.5,0.0,0.0,0.48198,0.39126939126939125,1
0.0,0.0,0.0,1.0,1.0,0.0,0.0,1.0,1.0,0.0,0.0,0.75,0.0,0.0,1
0.0,0.0,1.0,1.0,1.0,0.0,0.0,1.0,1.0,0.0,0.0,0.75,0.0,0.4574044574044574,1
0.0,0.0,1.0,1.0,1.0,0.0,0.0,1.0,1.0,0.0,0.0,0.75,0.0,0.1988121988121988,1
1.0,0.7142857142857142,1.0,0.0,0.0,1.0,1.0,1.0,1.0,0.0,1.0,0.0,0.746462,0.9994099994099994,1
1.0,0.0,0.0,0.0,0.0,0.0,0.166667,1.0,1.0,0.0,0.25,0.25,0.0,0.7020917020917021,1
1.0,0.0,0.0,1.0,0.0,0.0,0.166667,1.0,1.0,0.0,0.25,0.25,0.935271,0.4696994696994697,1
1.0,0.0,1.0,0.0,0.0,0.0,0.166667,1.0,1.0,0.0,0.25,0.25,0.0,0.7843807843807844,1
0.0,0.0,1.0,0.0,0.0,0.0,1.0,0.0,0.666667,0.666667,1.0,0.333333,0.946693,0.6899966899966901,1
0.0,0.0,1.0,0.0,0.0,0.0,0.0,0.0,0.0,0.0,0.0,0.0,0.718237,0.01946001946001936,1
1.0,0.42857142857142855,1.0,1.0,0.0,0.0,0.1,0.0,1.0,0.545455,0.181818,0.272727,0.0,0.9823229823229823,1
0.0,0.7142857142857142,1.0,0.0,0.0,1.0,1.0,0.375,0.25,1.0,0.75,0.125,0.872035,0.9595409595409595,1
0.0,0.0,1.0,0.0,0.0,0.0,0.0,0.0,0.0,0.0,0.0,0.0,0.771468,0.5292145292145293,1
0.0,0.0,1.0,0.0,0.0,0.0,0.0,0.0,0.0,0.0,0.0,0.0,0.974136,0.01643901643901644,1
0.0,0.0,1.0,0.0,0.0,0.0,0.0,0.0,0.0,0.0,0.0,0.0,0.828102,0.8118698118698118,1
1.0,0.5714285714285714,0.0,0.0,0.0,0.0,0.24,1.0,0.25,0.75,0.0,0.25,0.0,0.0,1
1.0,0.0,0.0,0.0,0.0,0.0,1.0,0.0,0.0,0.0,0.0,0.0,0.7742829999999999,0.2936822936822937,1
1.0,0.0,1.0,0.0,0.0,0.0,1.0,1.0,0.363636,0.090909,0.0,0.0,0.706,0.9920139920139921,1
1.0,0.42857142857142855,1.0,0.0,0.0,1.0,1.0,0.0,1.0,0.0,1.0,0.0,0.8822530000000001,0.046115046115046014,1
1.0,0.42857142857142855,1.0,0.0,0.0,1.0,1.0,0.0,1.0,0.0,1.0,0.0,0.8557100000000001,8.2000082000082e-05,1
0.0,0.8571428571428571,1.0,1.0,1.0,0.0,1.0,0.5,0.0,0.0,1.0,0.0,0.0,0.0,1
0.0,0.8571428571428571,1.0,1.0,1.0,0.0,1.0,0.5,0.0,0.0,1.0,0.0,0.0,0.8576778576778578,1
0.0,0.0,0.0,0.0,0.0,0.0,0.0,0.333333,0.333333,0.333333,1.0,0.0,0.0,0.0,1
0.0,0.0,0.0,0.0,0.0,0.0,0.0,0.333333,0.333333,0.333333,1.0,0.0,0.0,0.0,1
1.0,0.7142857142857142,1.0,0.0,0.0,0.0,1.0,0.1,1.0,0.3,0.1,0.1,0.571769,0.627086627086627,1
0.0,0.0,1.0,1.0,0.0,0.0,1.0,0.166667,0.666667,1.0,0.5,0.666667,0.822225,0.704914704914705,1
1.0,0.0,0.0,0.0,0.0,0.0,0.0,0.0,0.0,0.0,0.0,0.0,0.781664,0.9078659078659079,1
1.0,0.0,1.0,0.0,0.0,0.0,0.0,0.0,0.0,0.0,0.0,0.0,0.818715,0.8073028073028073,1
0.0,0.0,0.0,0.0,1.0,0.0,1.0,1.0,0.4,1.0,0.4,0.2,0.0,0.0,1
0.0,0.0,0.0,1.0,0.0,0.0,0.0,0.0,0.4444439999999999,1.0,0.777778,0.2222219999999999,0.72365,0.9148099148099148,1
0.0,0.0,1.0,1.0,0.0,0.0,0.0,0.0,0.4444439999999999,1.0,0.777778,0.2222219999999999,0.655332,0.5216105216105217,1
0.0,0.0,0.0,0.0,0.0,0.0,1.0,0.5,0.25,1.0,0.5,0.0,0.0,0.9996629996629998,1
0.0,0.0,1.0,0.0,0.0,0.0,1.0,0.0,0.0,1.0,0.5,0.0,0.491253,0.05027705027705018,1
0.0,0.0,1.0,0.0,0.0,0.0,0.6,0.4,1.0,0.2,0.0,0.2,0.0,0.6281546281546282,1
0.0,0.0,1.0,0.0,0.0,0.0,0.6,0.4,1.0,0.2,0.0,0.2,0.0,0.001263001263001263,1
1.0,0.0,1.0,0.0,0.0,0.0,0.028571,0.1428569999999999,0.857143,1.0,0.1428569999999999,0.0,0.634057,0.8037898037898039,1
1.0,0.0,1.0,0.0,0.0,0.0,0.028571,0.1428569999999999,0.857143,1.0,0.1428569999999999,0.0,0.0,0.039771039771039775,1
1.0,0.0,1.0,1.0,1.0,0.0,0.0,0.25,1.0,0.25,0.5,0.5,0.635705,0.07673607673607674,1
1.0,0.0,1.0,0.0,0.0,0.0,0.0,0.0,0.0,0.0,0.0,0.0,0.0,0.0,1
0.0,0.5714285714285714,1.0,1.0,0.0,0.0,1.0,0.1428569999999999,1.0,0.571429,0.0714289999999999,0.0,0.0,0.0,1
0.0,0.0,1.0,1.0,1.0,0.0,0.0714289999999999,0.2,0.0,0.2,1.0,0.0,0.0,0.5848735848735849,1
0.0,0.0,1.0,0.0,0.0,0.0,0.0714289999999999,0.2,0.0,0.2,1.0,0.0,0.8009310000000001,0.7010307010307011,1
1.0,0.8571428571428571,0.0,0.0,1.0,0.0,1.0,0.0,1.0,0.666667,0.333333,0.0,0.736785,0.5935265935265935,1
0.0,0.0,0.0,0.0,0.0,0.0,0.0,0.0,0.0,0.0,0.0,0.0,0.0,0.6531516531516532,1
1.0,0.0,0.0,1.0,0.0,0.0,1.0,0.25,0.083333,1.0,0.083333,0.0,0.90404,0.3058413058413058,1
0.0,0.0,1.0,0.0,0.0,1.0,1.0,1.0,0.117647,0.117647,0.0,0.058824,0.0,0.0,1
0.0,0.0,1.0,1.0,1.0,0.0,1.0,1.0,0.117647,0.117647,0.0,0.058824,0.81944,0.6128286128286128,1
0.0,0.0,1.0,1.0,0.0,0.0,1.0,1.0,0.117647,0.117647,0.0,0.058824,0.6901930000000001,0.0964980964980965,1
0.0,0.0,1.0,0.0,0.0,0.0,1.0,1.0,0.117647,0.117647,0.0,0.058824,0.630549,0.08760808760808761,1
0.0,0.0,1.0,0.0,0.0,0.0,0.0,1.0,0.0,0.25,0.25,0.5,0.976296,0.9237899237899238,1
0.0,0.0,1.0,0.0,0.0,0.0,0.8,0.333333,1.0,1.0,0.666667,0.0,0.452769,0.6261696261696261,1
0.0,0.0,1.0,0.0,0.0,0.0,1.0,0.2,0.3,0.9,0.3,1.0,0.0,0.9828229828229827,1
1.0,0.0,1.0,1.0,0.0,0.0,0.0,0.0,0.0,0.0,0.0,0.0,0.6032069999999999,0.0,1
1.0,0.0,1.0,1.0,0.0,0.0,0.0,0.0,0.0,0.0,0.0,0.0,0.465607,0.0,1
1.0,0.0,1.0,1.0,0.0,0.0,0.0,0.0,0.0,0.0,0.0,0.0,0.0,0.0,1
1.0,0.0,1.0,1.0,0.0,0.0,0.0,0.0,0.0,0.0,0.0,0.0,0.0,0.4411004411004411,1
0.0,0.0,1.0,1.0,1.0,0.0,0.1333329999999999,0.571429,0.571429,0.2857139999999999,1.0,0.1428569999999999,0.0,0.021307021307021307,1
0.0,0.0,1.0,1.0,1.0,1.0,0.1333329999999999,0.571429,0.571429,0.2857139999999999,1.0,0.1428569999999999,0.0,0.5657095657095658,1
0.0,0.0,1.0,1.0,0.0,0.0,0.1333329999999999,0.571429,0.571429,0.2857139999999999,1.0,0.1428569999999999,0.658358,0.4401024401024401,1
1.0,0.0,1.0,1.0,0.0,0.0,0.0,1.0,0.0,0.0,0.0,0.0,0.4442899999999999,0.06176806176806167,1
0.0,0.14285714285714285,1.0,0.0,1.0,0.0,0.0,0.333333,0.0,1.0,0.333333,0.333333,0.0,0.0,1
0.0,0.14285714285714285,1.0,1.0,0.0,0.0,0.0,0.333333,0.0,1.0,0.333333,0.333333,0.0,0.19035119035119036,1
0.0,0.0,1.0,1.0,0.0,1.0,1.0,0.0,0.0,0.0,1.0,0.0,0.774253,0.001056001056001056,1
0.0,0.2857142857142857,1.0,1.0,0.0,0.0,1.0,1.0,0.473684,0.157895,0.0,0.0,0.72026,0.12275412275412276,1
0.0,0.2857142857142857,0.0,0.0,1.0,0.0,1.0,1.0,0.473684,0.157895,0.0,0.0,0.785519,0.773957773957774,1
0.0,0.2857142857142857,1.0,0.0,0.0,0.0,1.0,1.0,0.473684,0.157895,0.0,0.0,0.0,0.4676974676974677,1
1.0,0.0,1.0,0.0,0.0,0.0,0.0,1.0,1.0,0.5,0.5,0.0,0.7327170000000001,0.8487458487458488,1
0.0,0.7142857142857142,1.0,0.0,1.0,0.0,1.0,1.0,0.333333,0.166667,0.0,0.166667,0.0,0.9534369534369533,1
1.0,0.0,0.0,0.0,0.0,0.0,1.0,0.0,0.0,0.5,1.0,0.5,0.0,0.0,1
1.0,0.0,0.0,1.0,0.0,0.0,1.0,0.0,0.0,0.5,1.0,0.5,0.0,0.0,1
0.0,0.0,1.0,1.0,0.0,1.0,1.0,0.2,1.0,0.8,0.4,0.0,0.720887,0.0,1
0.0,0.0,1.0,1.0,1.0,0.0,1.0,0.666667,0.333333,1.0,0.0,0.666667,0.0,0.07195007195007196,1
0.0,0.0,1.0,1.0,1.0,0.0,1.0,0.666667,0.333333,1.0,0.0,0.666667,0.0,0.3753623753623753,1
0.0,0.0,0.0,0.0,1.0,1.0,1.0,0.666667,0.333333,1.0,0.0,0.666667,0.0,0.2692572692572693,1
0.0,0.0,1.0,0.0,1.0,0.0,1.0,0.666667,0.333333,1.0,0.0,0.666667,0.0,0.004521004521004521,1
0.0,0.42857142857142855,1.0,1.0,1.0,0.0,1.0,0.3,1.0,0.0,0.0,0.0,0.0,0.0,1
0.0,0.0,1.0,1.0,1.0,0.0,1.0,0.0,0.1111109999999999,1.0,0.555556,0.2222219999999999,0.0,0.1574771574771575,1
1.0,0.0,1.0,0.0,0.0,0.0,1.0,0.75,0.25,0.25,0.25,1.0,0.0,0.0,1
1.0,0.0,1.0,1.0,0.0,0.0,1.0,1.0,0.454545,0.0,0.0,0.0,0.0,0.5438865438865439,1
1.0,0.2857142857142857,1.0,1.0,1.0,0.0,1.0,0.0,0.0,0.0,0.0,0.0,0.946643,0.14288714288714288,1
1.0,0.2857142857142857,1.0,1.0,1.0,0.0,1.0,0.0,0.0,0.0,0.0,0.0,0.806726,0.8312398312398311,1
0.0,1.0,1.0,1.0,1.0,0.0,1.0,0.090909,0.0,0.090909,0.454545,1.0,0.791523,0.978007978007978,1
0.0,1.0,1.0,1.0,0.0,0.0,1.0,0.090909,0.0,0.090909,0.454545,1.0,0.956622,0.965981965981966,1
0.0,1.0,1.0,1.0,1.0,1.0,1.0,0.090909,0.0,0.090909,0.454545,1.0,0.75552,0.8708608708608709,1
0.0,1.0,1.0,1.0,0.0,0.0,1.0,0.090909,0.0,0.090909,0.454545,1.0,0.0,0.021264021264021164,1
0.0,1.0,1.0,0.0,1.0,0.0,1.0,0.090909,0.0,0.090909,0.454545,1.0,0.723029,0.9767549767549768,1
0.0,0.0,0.0,1.0,1.0,0.0,0.08,0.2857139999999999,0.2857139999999999,0.0,1.0,0.2857139999999999,0.62848,0.6045566045566046,1
1.0,0.8571428571428571,1.0,0.0,1.0,0.0,1.0,0.0,0.818182,1.0,0.090909,0.272727,0.85898,0.4698104698104698,1
1.0,0.14285714285714285,0.0,1.0,1.0,0.0,1.0,1.0,0.833333,0.388889,0.0,0.0,0.0,0.005857005857005857,1
1.0,0.14285714285714285,1.0,1.0,1.0,0.0,1.0,1.0,0.833333,0.388889,0.0,0.0,0.0,0.20021620021620024,1
1.0,0.14285714285714285,0.0,1.0,0.0,0.0,1.0,1.0,0.833333,0.388889,0.0,0.0,0.577997,0.6478576478576479,1
0.0,0.5714285714285714,1.0,0.0,1.0,1.0,1.0,0.4,1.0,1.0,0.6,0.2,0.595914,0.9761859761859761,1
0.0,0.0,1.0,0.0,0.0,0.0,0.0,1.0,1.0,0.0,0.0,0.0,0.603445,0.07742107742107743,1
0.0,0.0,1.0,0.0,0.0,1.0,0.0,1.0,1.0,0.0,0.0,0.0,0.639757,0.03473603473603474,1
1.0,0.7142857142857142,1.0,1.0,0.0,0.0,1.0,0.0,1.0,0.2222219999999999,0.1111109999999999,0.0,0.0,0.8329068329068329,1
0.0,0.14285714285714285,1.0,1.0,0.0,0.0,1.0,0.333333,0.333333,0.333333,1.0,0.0,0.977914,0.982028982028982,1
1.0,0.0,1.0,0.0,0.0,0.0,1.0,0.75,1.0,0.0,0.0,0.25,0.689207,0.000317000317000317,1
1.0,0.0,1.0,0.0,0.0,0.0,0.0,0.0,0.0,0.0,0.0,0.0,0.8803790000000001,0.10875710875710866,1
1.0,0.0,1.0,0.0,0.0,1.0,0.0,0.0,0.0,0.0,0.0,0.0,0.736278,0.7128137128137129,1
1.0,0.0,1.0,1.0,0.0,0.0,1.0,1.0,0.0,0.0,0.5,0.75,0.0,0.9963849963849964,1
0.0,0.0,1.0,1.0,1.0,0.0,0.083333,0.666667,0.0,0.0,0.333333,1.0,0.681504,0.04425104425104425,1
1.0,0.0,0.0,1.0,0.0,0.0,1.0,1.0,0.4,1.0,0.0,0.0,0.600755,0.9904339904339905,1
1.0,1.0,1.0,1.0,0.0,0.0,1.0,1.0,1.0,0.75,0.75,0.0,0.744578,0.5414045414045414,1
1.0,0.0,1.0,0.0,0.0,0.0,0.0,0.0,0.0,0.0,0.0,0.0,0.942068,0.9797089797089797,1
1.0,0.0,1.0,0.0,0.0,0.0,0.0,0.0,0.0,0.0,0.0,0.0,0.0,0.8474188474188474,1
1.0,0.0,1.0,1.0,0.0,1.0,0.0,0.0,0.0,0.0,0.0,0.0,0.6974319999999999,0.03338703338703339,1
1.0,0.0,0.0,1.0,0.0,0.0,1.0,0.0,0.2,0.6,1.0,0.0,0.940922,0.557063557063557,1
0.0,0.0,1.0,0.0,0.0,0.0,0.0,1.0,0.125,0.0,0.25,0.0,0.0,0.562033562033562,1
0.0,0.0,1.0,0.0,0.0,0.0,0.0,1.0,0.125,0.0,0.25,0.0,0.580311,0.9722789722789723,1
0.0,0.0,1.0,0.0,0.0,0.0,0.0,1.0,0.125,0.0,0.25,0.0,0.0,0.42001742001742,1
0.0,0.0,0.0,1.0,1.0,0.0,1.0,1.0,0.0,0.0,0.5,1.0,0.944542,0.9665099665099665,1
0.0,0.0,1.0,0.0,0.0,0.0,0.0,0.0,0.0,0.0,0.0,0.0,0.581559,0.44055844055844057,1
0.0,0.0,1.0,0.0,0.0,0.0,0.25,0.666667,0.666667,0.0,0.666667,1.0,0.8304299999999999,0.12373912373912374,1
0.0,0.0,1.0,0.0,0.0,0.0,0.25,0.666667,0.666667,0.0,0.666667,1.0,0.0,0.0445000445000445,1
0.0,0.0,1.0,0.0,0.0,0.0,0.25,0.25,1.0,0.75,0.25,0.25,0.63969,0.8004918004918005,1
0.0,0.0,1.0,0.0,0.0,0.0,0.25,0.25,1.0,0.75,0.25,0.25,0.0,0.03479303479303479,1
0.0,0.5714285714285714,1.0,0.0,1.0,1.0,0.0,1.0,0.3,0.2,0.2,0.0,0.0,0.0,1
0.0,0.0,1.0,1.0,0.0,0.0,1.0,0.5,0.5,0.5,1.0,0.0,0.80416,0.9384439384439385,1
1.0,0.0,1.0,0.0,0.0,1.0,1.0,0.0,0.0,0.0,0.0,0.0,0.685076,0.015885015885015886,1
0.0,0.0,1.0,0.0,1.0,0.0,0.1111109999999999,0.75,1.0,0.0,0.0,0.0,0.7528189999999999,0.841031841031841,1
1.0,0.0,1.0,0.0,1.0,0.0,1.0,0.0,0.0,0.0,1.0,0.0,0.0,0.0,1
1.0,0.0,1.0,0.0,0.0,0.0,0.0,0.0,0.0,1.0,0.0,1.0,0.485626,0.024498024498024497,1
1.0,0.0,1.0,0.0,0.0,0.0,0.0,0.0,0.0,1.0,0.0,1.0,0.0,0.15593515593515592,1
1.0,0.0,1.0,0.0,0.0,0.0,0.0,0.0,0.0,1.0,0.0,1.0,0.0,0.7831757831757832,1
1.0,0.0,1.0,0.0,0.0,0.0,0.0,0.0,0.0,0.0,0.0,0.0,0.0,0.0,1
1.0,0.0,0.0,0.0,0.0,0.0,0.0,0.0,0.0,0.0,0.0,0.0,0.760296,0.7632977632977633,1
1.0,0.0,0.0,1.0,0.0,0.0,1.0,0.75,1.0,0.0,0.25,0.0,0.0,0.02689002689002679,1
1.0,0.42857142857142855,0.0,0.0,0.0,0.0,0.545455,1.0,0.333333,0.0,0.333333,0.333333,0.779432,0.0,1
1.0,0.0,1.0,1.0,0.0,0.0,1.0,1.0,0.25,0.5,0.25,0.0,0.66969,0.3605063605063605,1
1.0,1.0,1.0,1.0,0.0,1.0,0.0,0.0,0.0,0.333333,1.0,0.333333,0.626171,0.002013002013002013,1
1.0,1.0,1.0,0.0,0.0,0.0,0.0,0.0,0.0,0.333333,1.0,0.333333,0.67297,0.07589807589807589,1
0.0,0.0,1.0,1.0,0.0,0.0,1.0,1.0,0.75,0.25,0.25,0.0,0.0,0.1624091624091624,1
0.0,0.0,1.0,1.0,0.0,0.0,0.0,1.0,0.2,0.0,0.6,0.0,0.705814,0.7014227014227015,1
1.0,0.42857142857142855,1.0,0.0,0.0,0.0,1.0,0.75,1.0,0.0,0.0,1.0,0.0,0.49053249053249043,1
1.0,0.42857142857142855,0.0,1.0,0.0,0.0,0.020408,1.0,0.0,0.909091,0.0,0.0,0.571287,0.013392013392013392,1
1.0,0.0,1.0,0.0,0.0,0.0,1.0,0.384615,0.153846,1.0,0.6153850000000001,0.153846,0.558983,0.9693559693559693,1
1.0,0.0,1.0,0.0,0.0,0.0,1.0,0.384615,0.153846,1.0,0.6153850000000001,0.153846,0.414179,0.5336665336665336,1
1.0,0.2857142857142857,1.0,1.0,1.0,1.0,1.0,0.25,0.75,1.0,0.0,0.0,0.373855,0.9613739613739614,1
1.0,0.2857142857142857,1.0,1.0,0.0,0.0,1.0,0.25,0.75,1.0,0.0,0.0,0.0,0.003958003958003958,1
1.0,0.2857142857142857,0.0,0.0,0.0,0.0,1.0,0.25,0.75,1.0,0.0,0.0,0.524556,0.2644912644912645,1
1.0,0.0,1.0,1.0,1.0,0.0,1.0,0.666667,0.333333,0.333333,0.0,1.0,0.8924709999999999,0.9216669216669217,1
1.0,0.0,1.0,0.0,0.0,0.0,1.0,0.0,1.0,0.0,0.0,0.0,0.0,0.9506839506839506,1
1.0,0.0,1.0,0.0,0.0,0.0,1.0,0.0,1.0,0.0,0.0,0.0,0.6753140000000001,0.47415347415347414,1
0.0,0.0,1.0,0.0,1.0,0.0,1.0,0.333333,1.0,1.0,1.0,0.0,0.0,0.3511463511463512,1
1.0,0.0,1.0,1.0,0.0,1.0,0.0,0.428571,0.1428569999999999,0.428571,1.0,0.1428569999999999,0.6682060000000001,0.12087712087712088,1
0.0,1.0,1.0,1.0,0.0,0.0,1.0,1.0,1.0,1.0,0.333333,0.0,0.784066,0.4351144351144351,1
0.0,0.8571428571428571,1.0,0.0,0.0,0.0,0.2063489999999999,0.0,0.0,1.0,0.0,0.5,0.0,0.0,1
0.0,0.0,1.0,0.0,0.0,0.0,1.0,0.0,1.0,0.25,0.0,0.0,0.0,0.10847510847510848,1
1.0,0.0,0.0,0.0,0.0,0.0,1.0,1.0,0.0,1.0,0.0,0.0,0.0,0.0,1
1.0,0.0,0.0,0.0,0.0,0.0,0.0,0.333333,0.0,0.0,1.0,0.166667,0.459806,0.022984022984022984,1
1.0,0.0,1.0,0.0,0.0,0.0,0.0,0.333333,0.0,0.0,1.0,0.166667,0.50356,0.7431367431367432,1
1.0,0.0,1.0,0.0,0.0,0.0,0.0,0.333333,0.0,0.0,1.0,0.166667,0.572792,0.9942809942809944,1
1.0,0.0,1.0,0.0,0.0,0.0,0.0,0.0,0.0,0.0,0.0,0.0,0.0,0.8456048456048457,1
0.0,0.0,1.0,0.0,0.0,0.0,1.0,0.0,0.0,1.0,0.5,0.75,0.6701550000000001,0.9665749665749667,1
1.0,0.0,1.0,0.0,0.0,0.0,1.0,0.0,0.2,1.0,0.2,0.0,0.807049,0.12106412106412107,1
1.0,0.0,1.0,1.0,1.0,0.0,1.0,0.0,0.2,1.0,0.2,0.0,0.6355890000000001,0.28264428264428265,1
1.0,1.0,1.0,0.0,0.0,0.0,1.0,0.0,0.0,0.0,0.0,0.0,0.738901,0.97995897995898,1
1.0,1.0,1.0,0.0,0.0,0.0,1.0,0.0,0.0,0.0,0.0,0.0,0.7725270000000001,0.7033637033637034,1
1.0,0.14285714285714285,1.0,1.0,0.0,0.0,0.195876,0.0,1.0,1.0,0.0,0.0,0.658656,0.9867169867169867,1
1.0,0.0,0.0,0.0,1.0,0.0,0.0,0.5,0.5,1.0,0.5,0.5,0.428568,0.9377469377469377,1
1.0,0.0,1.0,0.0,1.0,0.0,0.0,0.5,0.5,1.0,0.5,0.5,0.0,0.6523256523256524,1
0.0,0.5714285714285714,1.0,0.0,0.0,0.0,1.0,0.384615,0.076923,0.076923,0.384615,1.0,0.0,0.0,1
1.0,0.0,1.0,0.0,0.0,0.0,0.0,0.0,0.0,0.0,0.0,0.0,0.665747,0.674946674946675,1
1.0,1.0,1.0,1.0,1.0,1.0,0.0,0.25,0.0,0.25,0.75,1.0,0.0,0.5053905053905055,1
1.0,0.0,1.0,0.0,1.0,0.0,1.0,0.6,1.0,0.0,0.6,0.2,0.793996,0.0,1
0.0,0.0,1.0,1.0,1.0,0.0,1.0,1.0,0.2,0.4,0.2,0.2,0.64093,0.0665090665090665,1
0.0,0.0,1.0,0.0,0.0,0.0,0.5,0.0,0.0,0.0,0.0,0.0,0.5963069999999999,0.4653214653214653,1
0.0,0.0,1.0,0.0,0.0,0.0,0.5,0.0,0.0,0.0,0.0,0.0,0.0,0.9198119198119199,1
0.0,0.0,0.0,0.0,0.0,0.0,1.0,0.0,1.0,1.0,0.0,0.333333,0.0,0.0,1
1.0,0.0,1.0,1.0,1.0,0.0,1.0,0.0,0.0,0.0,0.0,0.0,0.84721,0.0,1
0.0,0.0,1.0,1.0,1.0,1.0,1.0,1.0,0.25,0.75,0.0,0.0,0.469362,0.1995961995961996,1
1.0,0.0,0.0,1.0,0.0,0.0,0.0,0.0,1.0,0.0,0.0,0.0,0.85587,0.7882677882677883,1
1.0,0.0,1.0,1.0,0.0,0.0,0.0,0.0,1.0,0.0,0.0,0.0,0.812535,0.1912051912051911,1
1.0,0.0,1.0,1.0,0.0,0.0,0.0,0.0,1.0,0.0,0.0,0.0,0.715713,0.7737747737747738,1
1.0,1.0,1.0,0.0,0.0,0.0,1.0,0.0,0.0,1.0,0.0,0.0,0.45072,0.9837829837829838,1
0.0,0.8571428571428571,1.0,1.0,0.0,0.0,1.0,1.0,0.125,0.125,0.0,0.0,0.589381,0.005557005557005557,1
0.0,0.8571428571428571,0.0,1.0,1.0,0.0,1.0,1.0,0.125,0.125,0.0,0.0,0.571384,0.875021875021875,1
0.0,0.7142857142857142,1.0,1.0,0.0,0.0,1.0,0.666667,1.0,0.5,0.0,0.0,0.63269,0.4673824673824673,1
0.0,0.7142857142857142,1.0,0.0,0.0,0.0,1.0,0.666667,1.0,0.5,0.0,0.0,0.0,0.0,1
1.0,0.0,1.0,1.0,1.0,1.0,1.0,0.666667,0.5,0.0,1.0,0.0,0.7103659999999999,0.06671206671206671,1
0.0,1.0,1.0,0.0,0.0,0.0,0.173267,0.125,0.125,0.0,0.125,1.0,0.6601819999999999,0.07046907046907047,1
0.0,1.0,1.0,1.0,0.0,0.0,0.173267,0.125,0.125,0.0,0.125,1.0,0.94102,0.572885572885573,1
0.0,1.0,1.0,0.0,1.0,0.0,0.173267,0.125,0.125,0.0,0.125,1.0,0.0,0.9949459949459949,1
1.0,0.2857142857142857,0.0,0.0,0.0,0.0,0.025,0.5,0.0,0.0,0.5,1.0,0.554616,0.9000929000929001,1
1.0,0.0,1.0,1.0,0.0,0.0,1.0,1.0,0.0,0.0625,0.0,0.0,0.0,0.9987809987809988,1
1.0,0.0,1.0,0.0,1.0,1.0,1.0,0.0,0.333333,0.333333,1.0,0.0,0.344532,0.5331925331925332,1
1.0,0.2857142857142857,1.0,1.0,0.0,0.0,1.0,1.0,0.578947,0.263158,0.0,0.210526,0.977051,0.12598112598112587,1
1.0,0.0,1.0,0.0,0.0,0.0,1.0,0.0,1.0,0.0,0.0,0.0,0.0,0.0,1
1.0,0.0,1.0,0.0,0.0,0.0,0.0,0.0,0.0,0.0,0.0,0.0,0.8194610000000001,0.9910679910679911,1
1.0,0.0,1.0,0.0,0.0,0.0,0.0,0.0,0.0,0.0,0.0,0.0,0.0,0.02453002453002453,1
1.0,0.0,1.0,0.0,0.0,0.0,0.0,0.0,0.0,0.0,0.0,0.0,0.634119,0.12522212522212522,1
1.0,0.0,1.0,0.0,0.0,0.0,1.0,1.0,1.0,0.0,0.0,1.0,0.754096,0.02327902327902318,1
1.0,0.0,1.0,1.0,0.0,0.0,1.0,1.0,1.0,0.0,0.0,1.0,0.608943,0.41272941272941277,1
0.0,0.0,1.0,0.0,0.0,0.0,0.0,0.0,0.0,0.0,0.0,0.0,0.710515,0.9222119222119223,1
1.0,0.0,1.0,1.0,1.0,0.0,1.0,0.125,1.0,0.25,0.25,0.125,0.0,0.012104012104012104,1
0.0,0.0,1.0,0.0,0.0,0.0,1.0,0.0,1.0,0.0,0.0,0.0,0.052497,0.08847408847408847,1
1.0,0.0,1.0,1.0,0.0,0.0,1.0,1.0,0.4,0.8,0.4,0.0,0.372366,0.022123022123022123,1
1.0,0.0,1.0,0.0,0.0,0.0,1.0,1.0,0.75,0.75,0.0,0.0,0.0,0.6711696711696711,1
0.0,0.0,1.0,0.0,1.0,1.0,1.0,0.666667,1.0,0.666667,0.333333,0.0,0.860593,0.07006107006107005,1
1.0,1.0,1.0,1.0,1.0,0.0,1.0,0.0,0.0,1.0,0.2,0.2,0.753911,0.9737989737989738,1
0.0,0.0,1.0,1.0,1.0,0.0,1.0,0.083333,0.25,0.5,1.0,0.333333,0.974244,0.9948359948359948,1
0.0,0.5714285714285714,1.0,1.0,0.0,0.0,1.0,0.75,0.0,0.5,1.0,0.0,0.650522,0.9969239969239969,1
1.0,0.0,1.0,0.0,0.0,0.0,0.0,0.0,0.0,0.0,0.0,0.0,0.0,0.9655519655519657,1
1.0,0.0,0.0,0.0,1.0,0.0,0.428571,0.0,1.0,0.5,1.0,1.0,0.76188,0.6066086066086066,1
0.0,0.2857142857142857,1.0,0.0,1.0,1.0,1.0,0.2,1.0,0.8,0.3,0.2,0.0,0.06541106541106541,1
1.0,0.42857142857142855,1.0,0.0,1.0,0.0,1.0,0.2,1.0,0.0,0.0,0.0,0.0,0.0,1
1.0,0.0,1.0,1.0,0.0,0.0,1.0,0.625,0.25,0.0,0.125,1.0,0.584964,0.001246001246001246,1
0.0,0.0,0.0,0.0,0.0,0.0,1.0,1.0,0.0,0.5,0.75,0.75,0.919404,0.16912616912616912,1
1.0,0.0,0.0,0.0,0.0,0.0,0.0,0.0,0.0,0.0,0.0,0.0,0.0,0.13029413029413028,1
1.0,0.0,1.0,0.0,0.0,0.0,0.0,0.0,0.0,0.0,0.0,0.0,0.0,0.03482103482103482,1
1.0,0.0,1.0,1.0,0.0,0.0,1.0,0.0,0.0,0.0,1.0,0.0,0.0,0.989039989039989,1
1.0,0.0,1.0,1.0,1.0,0.0,1.0,0.0,0.0,0.0,1.0,0.0,0.0,0.6971816971816972,1
1.0,0.7142857142857142,1.0,1.0,0.0,0.0,0.017241,0.0,0.0,1.0,1.0,0.333333,0.0,0.001206001206001206,1
1.0,0.7142857142857142,1.0,1.0,0.0,0.0,0.017241,0.0,0.0,1.0,1.0,0.333333,1.0,0.9477329477329478,1
1.0,0.7142857142857142,0.0,0.0,0.0,0.0,0.017241,0.0,0.0,1.0,1.0,0.333333,0.0,0.02275902275902276,1
0.0,0.0,1.0,0.0,0.0,0.0,1.0,0.0,0.0,0.0,1.0,0.0,0.596983,0.021667021667021665,1
0.0,0.0,1.0,0.0,0.0,0.0,1.0,0.0,0.0,0.0,1.0,0.0,0.513221,0.07263707263707263,1
0.0,0.0,1.0,1.0,0.0,0.0,1.0,0.0,0.0,0.0,1.0,0.0,0.75252,0.04902204902204903,1
0.0,0.0,1.0,0.0,0.0,1.0,1.0,0.0,0.0,0.0,1.0,0.0,0.659279,0.003858003858003858,1
0.0,0.7142857142857142,1.0,0.0,0.0,0.0,1.0,0.2,0.2,1.0,0.3,0.2,0.0,0.5444195444195444,1
1.0,0.0,1.0,0.0,0.0,0.0,0.0,0.0,0.0,0.0,0.0,0.0,0.437571,0.6637076637076637,1
0.0,0.0,1.0,0.0,1.0,0.0,0.625,1.0,0.666667,1.0,0.0,0.666667,0.910565,0.08645808645808645,1
1.0,0.5714285714285714,1.0,1.0,0.0,0.0,1.0,1.0,0.25,0.5,0.25,0.25,0.915044,0.9993349993349993,1
1.0,0.0,1.0,1.0,1.0,1.0,1.0,1.0,0.3,0.0,0.1,0.2,0.0,0.27663227663227663,1
1.0,0.8571428571428571,1.0,0.0,0.0,0.0,0.266667,0.0,1.0,0.8,0.6,0.2,0.5592630000000001,0.8802438802438802,1
1.0,0.8571428571428571,1.0,1.0,1.0,1.0,0.266667,0.0,1.0,0.8,0.6,0.2,0.0,0.006348006348006248,1
1.0,0.8571428571428571,0.0,1.0,1.0,0.0,0.266667,0.0,1.0,0.8,0.6,0.2,0.0,0.8192158192158191,1
0.0,0.0,1.0,0.0,0.0,1.0,1.0,0.0,0.0,0.0,0.0,1.0,0.721755,0.02478802478802479,1
0.0,0.0,1.0,1.0,1.0,0.0,1.0,0.0,1.0,1.0,0.0,0.0,0.4889479999999999,0.00162000162000162,1
1.0,0.0,1.0,0.0,0.0,0.0,1.0,1.0,0.0,0.5,0.5,0.0,0.631319,0.010142010142010141,1
1.0,0.0,0.0,0.0,0.0,0.0,1.0,0.5,0.5,1.0,1.0,0.0,0.0,0.8533118533118533,1
1.0,0.0,0.0,1.0,0.0,1.0,1.0,1.0,0.181818,0.0,0.0,0.0,0.867981,0.2836792836792837,1
0.0,0.5714285714285714,1.0,1.0,0.0,0.0,0.0,0.5,0.0,1.0,0.5,0.0,0.351356,0.1701831701831702,1
0.0,0.5714285714285714,1.0,1.0,0.0,0.0,0.0,0.5,0.0,1.0,0.5,0.0,0.580437,0.013156013156013155,1
0.0,0.8571428571428571,1.0,1.0,0.0,0.0,0.0,0.0,0.0,0.1428569999999999,0.0,1.0,0.721879,0.01154901154901155,1
